{"type":"FeatureCollection","features":[{"type":"Feature","geometry":{"type":"Point","coordinates":[2.290908349251896,48.56564453550255]},"properties":{"id":"IDFM:C01727","route_long_name":"C","stop_id":"IDFM:monomodalStopPlace:43159","stop_name":"Marolles-en-Hurepoix","stop_lon":"2.290908349251896","stop_lat":"48.56564453550255","operatorname":"SNCF","shortname":"C","bookingrules":null,"mode":"RapidTransit","nom_commune":"Marolles-en-Hurepoix","code_insee":"91376"}},{"type":"Feature","geometry":{"type":"Point","coordinates":[2.2151562718541644,48.51405318948937]},"properties":{"id":"IDFM:C01727","route_long_name":"C","stop_id":"IDFM:monomodalStopPlace:47927","stop_name":"Gare de Chamarande","stop_lon":"2.2151562718541644","stop_lat":"48.51405318948937","operatorname":"SNCF","shortname":"C","bookingrules":null,"mode":"RapidTransit","nom_commune":"Chamarande","code_insee":"91132"}},{"type":"Feature","geometry":{"type":"Point","coordinates":[2.1947692381982216,48.49387742150091]},"properties":{"id":"IDFM:C01727","route_long_name":"C","stop_id":"IDFM:monomodalStopPlace:43081","stop_name":"\u00c9tr\u00e9chy","stop_lon":"2.1947692381982216","stop_lat":"48.49387742150091","operatorname":"SNCF","shortname":"C","bookingrules":null,"mode":"RapidTransit","nom_commune":"\u00c9tr\u00e9chy","code_insee":"91226"}},{"type":"Feature","geometry":{"type":"Point","coordinates":[2.3521980873905326,48.74021613668418]},"properties":{"id":"IDFM:C01727","route_long_name":"C","stop_id":"IDFM:monomodalStopPlace:44787","stop_name":"Rungis la Fraternelle","stop_lon":"2.3521980873905326","stop_lat":"48.74021613668418","operatorname":"SNCF","shortname":"C","bookingrules":null,"mode":"RapidTransit","nom_commune":"Rungis","code_insee":"94065"}},{"type":"Feature","geometry":{"type":"Point","coordinates":[2.2587677282577334,48.72551907437078]},"properties":{"id":"IDFM:C01727","route_long_name":"C","stop_id":"IDFM:monomodalStopPlace:58774","stop_name":"Massy - Palaiseau","stop_lon":"2.2587677282577334","stop_lat":"48.72551907437078","operatorname":"SNCF","shortname":"C","bookingrules":null,"mode":"RapidTransit","nom_commune":"Massy","code_insee":"91377"}},{"type":"Feature","geometry":{"type":"Point","coordinates":[2.1349078603373464,48.79526039893613]},"properties":{"id":"IDFM:C01727","route_long_name":"C","stop_id":"IDFM:monomodalStopPlace:43219","stop_name":"Versailles Chantiers","stop_lon":"2.1349078603373464","stop_lat":"48.79526039893613","operatorname":"SNCF","shortname":"C","bookingrules":null,"mode":"RapidTransit","nom_commune":"Versailles","code_insee":"78646"}},{"type":"Feature","geometry":{"type":"Point","coordinates":[2.257883547622023,48.81933737870203]},"properties":{"id":"IDFM:C01727","route_long_name":"C","stop_id":"IDFM:monomodalStopPlace:43084","stop_name":"Issy","stop_lon":"2.257883547622023","stop_lat":"48.81933737870203","operatorname":"SNCF","shortname":"C","bookingrules":null,"mode":"RapidTransit","nom_commune":"Issy-les-Moulineaux","code_insee":"92040"}},{"type":"Feature","geometry":{"type":"Point","coordinates":[2.170354257290333,48.56433413404574]},"properties":{"id":"IDFM:C01727","route_long_name":"C","stop_id":"IDFM:monomodalStopPlace:43099","stop_name":"Breuillet Village","stop_lon":"2.170354257290333","stop_lat":"48.56433413404574","operatorname":"SNCF","shortname":"C","bookingrules":null,"mode":"RapidTransit","nom_commune":"Breuillet","code_insee":"91105"}},{"type":"Feature","geometry":{"type":"Point","coordinates":[2.2234625238542307,48.582715781664064]},"properties":{"id":"IDFM:C01727","route_long_name":"C","stop_id":"IDFM:monomodalStopPlace:415484","stop_name":"\u00c9gly","stop_lon":"2.2234625238542307","stop_lat":"48.582715781664064","operatorname":"SNCF","shortname":"C","bookingrules":null,"mode":"RapidTransit","nom_commune":"\u00c9gly","code_insee":"91207"}},{"type":"Feature","geometry":{"type":"Point","coordinates":[2.1545313948758564,49.01917957374756]},"properties":{"id":"IDFM:C01727","route_long_name":"C","stop_id":"IDFM:monomodalStopPlace:43180","stop_name":"Pierrelaye","stop_lon":"2.1545313948758564","stop_lat":"49.01917957374756","operatorname":"SNCF","shortname":"C","bookingrules":null,"mode":"RapidTransit","nom_commune":"Pierrelaye","code_insee":"95488"}},{"type":"Feature","geometry":{"type":"Point","coordinates":[2.0957859968423524,49.04673337596684]},"properties":{"id":"IDFM:C01727","route_long_name":"C","stop_id":"IDFM:monomodalStopPlace:44411","stop_name":"Pontoise","stop_lon":"2.0957859968423524","stop_lat":"49.04673337596684","operatorname":"SNCF","shortname":"C","bookingrules":null,"mode":"RapidTransit","nom_commune":"Pontoise","code_insee":"95500"}},{"type":"Feature","geometry":{"type":"Point","coordinates":[2.1965151756043033,49.007744118117]},"properties":{"id":"IDFM:C01727","route_long_name":"C","stop_id":"IDFM:monomodalStopPlace:43166","stop_name":"Montigny - Beauchamp","stop_lon":"2.1965151756043033","stop_lat":"49.007744118117","operatorname":"SNCF","shortname":"C","bookingrules":null,"mode":"RapidTransit","nom_commune":"Pierrelaye","code_insee":"95488"}},{"type":"Feature","geometry":{"type":"Point","coordinates":[2.313901968217972,48.9206901983449]},"properties":{"id":"IDFM:C01727","route_long_name":"C","stop_id":"IDFM:monomodalStopPlace:43230","stop_name":"Les Gr\u00e9sillons","stop_lon":"2.313901968217972","stop_lat":"48.9206901983449","operatorname":"SNCF","shortname":"C","bookingrules":null,"mode":"RapidTransit","nom_commune":"Gennevilliers","code_insee":"92036"}},{"type":"Feature","geometry":{"type":"Point","coordinates":[2.284217509613705,48.878347804048644]},"properties":{"id":"IDFM:C01727","route_long_name":"C","stop_id":"IDFM:monomodalStopPlace:415093","stop_name":"Neuilly - Porte Maillot","stop_lon":"2.284217509613705","stop_lat":"48.878347804048644","operatorname":"SNCF","shortname":"C","bookingrules":null,"mode":"RapidTransit","nom_commune":"Paris","code_insee":"75056"}},{"type":"Feature","geometry":{"type":"Point","coordinates":[2.3126576509104404,48.8627130056211]},"properties":{"id":"IDFM:C01727","route_long_name":"C","stop_id":"IDFM:monomodalStopPlace:470540","stop_name":"Invalides","stop_lon":"2.3126576509104404","stop_lat":"48.8627130056211","operatorname":"SNCF","shortname":"C","bookingrules":null,"mode":"RapidTransit","nom_commune":"Paris","code_insee":"75056"}},{"type":"Feature","geometry":{"type":"Point","coordinates":[2.344959780029387,48.853023793740164]},"properties":{"id":"IDFM:C01727","route_long_name":"C","stop_id":"IDFM:monomodalStopPlace:44877","stop_name":"Saint-Michel Notre-Dame","stop_lon":"2.344959780029387","stop_lat":"48.853023793740164","operatorname":"SNCF","shortname":"C","bookingrules":null,"mode":"RapidTransit","nom_commune":"Paris","code_insee":"75056"}},{"type":"Feature","geometry":{"type":"Point","coordinates":[2.377758552865005,48.8288801225864]},"properties":{"id":"IDFM:C01727","route_long_name":"C","stop_id":"IDFM:monomodalStopPlace:45301","stop_name":"Biblioth\u00e8que Fran\u00e7ois Mitterrand","stop_lon":"2.377758552865005","stop_lat":"48.8288801225864","operatorname":"SNCF","shortname":"C","bookingrules":null,"mode":"RapidTransit","nom_commune":"Paris","code_insee":"75056"}},{"type":"Feature","geometry":{"type":"Point","coordinates":[2.411287538155699,48.76387977763339]},"properties":{"id":"IDFM:C01727","route_long_name":"C","stop_id":"IDFM:monomodalStopPlace:43110","stop_name":"Choisy-le-Roi","stop_lon":"2.411287538155699","stop_lat":"48.76387977763339","operatorname":"SNCF","shortname":"C","bookingrules":null,"mode":"RapidTransit","nom_commune":"Choisy-le-Roi","code_insee":"94022"}},{"type":"Feature","geometry":{"type":"Point","coordinates":[2.332043500451718,48.6693475106473]},"properties":{"id":"IDFM:C01727","route_long_name":"C","stop_id":"IDFM:monomodalStopPlace:43076","stop_name":"\u00c9pinay-sur-Orge","stop_lon":"2.332043500451718","stop_lat":"48.6693475106473","operatorname":"SNCF","shortname":"C","bookingrules":null,"mode":"RapidTransit","nom_commune":"\u00c9pinay-sur-Orge","code_insee":"91216"}},{"type":"Feature","geometry":{"type":"Point","coordinates":[2.3129608959702024,48.65295347339147]},"properties":{"id":"IDFM:C01727","route_long_name":"C","stop_id":"IDFM:monomodalStopPlace:43188","stop_name":"Sainte-Genevi\u00e8ve-des-Bois","stop_lon":"2.3129608959702024","stop_lat":"48.65295347339147","operatorname":"SNCF","shortname":"C","bookingrules":null,"mode":"RapidTransit","nom_commune":"Sainte-Genevi\u00e8ve-des-Bois","code_insee":"91549"}},{"type":"Feature","geometry":{"type":"Point","coordinates":[2.5445365646399507,48.535084951085466]},"properties":{"id":"IDFM:C01728","route_long_name":"D","stop_id":"IDFM:monomodalStopPlace:45812","stop_name":"Ponthierry - Pringy","stop_lon":"2.5445365646399507","stop_lat":"48.535084951085466","operatorname":"SNCF","shortname":"D","bookingrules":null,"mode":"RapidTransit","nom_commune":"Saint-Fargeau-Ponthierry","code_insee":"77407"}},{"type":"Feature","geometry":{"type":"Point","coordinates":[2.463295818844443,48.60581740091332]},"properties":{"id":"IDFM:C01728","route_long_name":"D","stop_id":"IDFM:monomodalStopPlace:45759","stop_name":"Essonnes Robinson","stop_lon":"2.463295818844443","stop_lat":"48.60581740091332","operatorname":"SNCF","shortname":"D","bookingrules":null,"mode":"RapidTransit","nom_commune":"Corbeil-Essonnes","code_insee":"91174"}},{"type":"Feature","geometry":{"type":"Point","coordinates":[2.393493661032251,48.39367132989446]},"properties":{"id":"IDFM:C01728","route_long_name":"D","stop_id":"IDFM:monomodalStopPlace:43156","stop_name":"Maisse","stop_lon":"2.393493661032251","stop_lat":"48.39367132989446","operatorname":"SNCF","shortname":"D","bookingrules":null,"mode":"RapidTransit","nom_commune":"Maisse","code_insee":"91359"}},{"type":"Feature","geometry":{"type":"Point","coordinates":[2.4520047548737254,48.623306397197155]},"properties":{"id":"IDFM:C01728","route_long_name":"D","stop_id":"IDFM:monomodalStopPlace:45850","stop_name":"Le Bras de Fer","stop_lon":"2.4520047548737254","stop_lat":"48.623306397197155","operatorname":"SNCF","shortname":"D","bookingrules":null,"mode":"RapidTransit","nom_commune":"\u00c9vry-Courcouronnes","code_insee":"91228"}},{"type":"Feature","geometry":{"type":"Point","coordinates":[2.39678605544789,48.65484195083382]},"properties":{"id":"IDFM:C01728","route_long_name":"D","stop_id":"IDFM:monomodalStopPlace:43132","stop_name":"Grigny Centre","stop_lon":"2.39678605544789","stop_lat":"48.65484195083382","operatorname":"SNCF","shortname":"D","bookingrules":null,"mode":"RapidTransit","nom_commune":"Grigny","code_insee":"91286"}},{"type":"Feature","geometry":{"type":"Point","coordinates":[2.569507070898012,48.62833648393033]},"properties":{"id":"IDFM:C01728","route_long_name":"D","stop_id":"IDFM:monomodalStopPlace:47669","stop_name":"Lieusaint - Moissy","stop_lon":"2.569507070898012","stop_lat":"48.62833648393033","operatorname":"SNCF","shortname":"D","bookingrules":null,"mode":"RapidTransit","nom_commune":"Lieusaint","code_insee":"77251"}},{"type":"Feature","geometry":{"type":"Point","coordinates":[2.483187005163047,48.7064507273249]},"properties":{"id":"IDFM:C01728","route_long_name":"D","stop_id":"IDFM:monomodalStopPlace:43226","stop_name":"Yerres","stop_lon":"2.483187005163047","stop_lat":"48.7064507273249","operatorname":"SNCF","shortname":"D","bookingrules":null,"mode":"RapidTransit","nom_commune":"Yerres","code_insee":"91691"}},{"type":"Feature","geometry":{"type":"Point","coordinates":[2.3899547555239407,48.97632635843972]},"properties":{"id":"IDFM:C01728","route_long_name":"D","stop_id":"IDFM:monomodalStopPlace:43251","stop_name":"Garges - Sarcelles","stop_lon":"2.3899547555239407","stop_lat":"48.97632635843972","operatorname":"SNCF","shortname":"D","bookingrules":null,"mode":"RapidTransit","nom_commune":"Garges-l\u00e8s-Gonesse","code_insee":"95268"}},{"type":"Feature","geometry":{"type":"Point","coordinates":[2.3504430479100207,48.91769737260247]},"properties":{"id":"IDFM:C01728","route_long_name":"D","stop_id":"IDFM:monomodalStopPlace:43204","stop_name":"Stade de France Saint-Denis","stop_lon":"2.3504430479100207","stop_lat":"48.91769737260247","operatorname":"SNCF","shortname":"D","bookingrules":null,"mode":"RapidTransit","nom_commune":"Saint-Denis","code_insee":"93066"}},{"type":"Feature","geometry":{"type":"Point","coordinates":[2.4264376603578035,48.80217813521484]},"properties":{"id":"IDFM:C01728","route_long_name":"D","stop_id":"IDFM:monomodalStopPlace:43154","stop_name":"Maisons-Alfort - Alfortville","stop_lon":"2.4264376603578035","stop_lat":"48.80217813521484","operatorname":"SNCF","shortname":"D","bookingrules":null,"mode":"RapidTransit","nom_commune":"Alfortville","code_insee":"94002"}},{"type":"Feature","geometry":{"type":"Point","coordinates":[2.4321242678299977,48.78883131123265]},"properties":{"id":"IDFM:C01728","route_long_name":"D","stop_id":"IDFM:monomodalStopPlace:464040","stop_name":"Le Vert de Maisons","stop_lon":"2.4321242678299977","stop_lat":"48.78883131123265","operatorname":"SNCF","shortname":"D","bookingrules":null,"mode":"RapidTransit","nom_commune":"Maisons-Alfort","code_insee":"94046"}},{"type":"Feature","geometry":{"type":"Point","coordinates":[2.438697833840877,48.744611139140474]},"properties":{"id":"IDFM:C01728","route_long_name":"D","stop_id":"IDFM:monomodalStopPlace:46304","stop_name":"Villeneuve Triage","stop_lon":"2.438697833840877","stop_lat":"48.744611139140474","operatorname":"SNCF","shortname":"D","bookingrules":null,"mode":"RapidTransit","nom_commune":"Villeneuve-Saint-Georges","code_insee":"94078"}},{"type":"Feature","geometry":{"type":"Point","coordinates":[2.383334629403869,48.68970940912314]},"properties":{"id":"IDFM:C01728","route_long_name":"D","stop_id":"IDFM:monomodalStopPlace:45739","stop_name":"Juvisy","stop_lon":"2.383334629403869","stop_lat":"48.68970940912314","operatorname":"SNCF","shortname":"D","bookingrules":null,"mode":"RapidTransit","nom_commune":"Juvisy-sur-Orge","code_insee":"91326"}},{"type":"Feature","geometry":{"type":"Point","coordinates":[2.472467657639279,48.61323864277619]},"properties":{"id":"IDFM:C01728","route_long_name":"D","stop_id":"IDFM:monomodalStopPlace:43115","stop_name":"Corbeil-Essonnes","stop_lon":"2.472467657639279","stop_lat":"48.61323864277619","operatorname":"SNCF","shortname":"D","bookingrules":null,"mode":"RapidTransit","nom_commune":"Corbeil-Essonnes","code_insee":"91174"}},{"type":"Feature","geometry":{"type":"Point","coordinates":[2.4890536307751616,48.85424654032024]},"properties":{"id":"IDFM:C01729","route_long_name":"E","stop_id":"IDFM:monomodalStopPlace:47900","stop_name":"Val de Fontenay","stop_lon":"2.4890536307751616","stop_lat":"48.85424654032024","operatorname":"SNCF","shortname":"E","bookingrules":null,"mode":"RapidTransit","nom_commune":"Fontenay-sous-Bois","code_insee":"94033"}},{"type":"Feature","geometry":{"type":"Point","coordinates":[2.542644466674205,48.82324786783017]},"properties":{"id":"IDFM:C01729","route_long_name":"E","stop_id":"IDFM:monomodalStopPlace:43223","stop_name":"Villiers-sur-Marne - Le Plessis-Tr\u00e9vise","stop_lon":"2.542644466674205","stop_lat":"48.82324786783017","operatorname":"SNCF","shortname":"E","bookingrules":null,"mode":"RapidTransit","nom_commune":"Villiers-sur-Marne","code_insee":"94079"}},{"type":"Feature","geometry":{"type":"Point","coordinates":[2.3737182728654673,48.89645824176388]},"properties":{"id":"IDFM:C01729","route_long_name":"E","stop_id":"IDFM:monomodalStopPlace:58498","stop_name":"Rosa Parks","stop_lon":"2.3737182728654673","stop_lat":"48.89645824176388","operatorname":"SNCF","shortname":"E","bookingrules":null,"mode":"RapidTransit","nom_commune":"Paris","code_insee":"75056"}},{"type":"Feature","geometry":{"type":"Point","coordinates":[2.4010414542870944,48.897987452300434]},"properties":{"id":"IDFM:C01729","route_long_name":"E","stop_id":"IDFM:monomodalStopPlace:43176","stop_name":"Pantin","stop_lon":"2.4010414542870944","stop_lat":"48.897987452300434","operatorname":"SNCF","shortname":"E","bookingrules":null,"mode":"RapidTransit","nom_commune":"Pantin","code_insee":"93055"}},{"type":"Feature","geometry":{"type":"Point","coordinates":[2.4591980956866797,48.8966634168645]},"properties":{"id":"IDFM:C01729","route_long_name":"E","stop_id":"IDFM:monomodalStopPlace:44201","stop_name":"Noisy-le-Sec","stop_lon":"2.4591980956866797","stop_lat":"48.8966634168645","operatorname":"SNCF","shortname":"E","bookingrules":null,"mode":"RapidTransit","nom_commune":"Noisy-le-Sec","code_insee":"93053"}},{"type":"Feature","geometry":{"type":"Point","coordinates":[2.637705554664271,48.87517306494243]},"properties":{"id":"IDFM:C01729","route_long_name":"E","stop_id":"IDFM:monomodalStopPlace:43211","stop_name":"Vaires - Torcy","stop_lon":"2.637705554664271","stop_lat":"48.87517306494243","operatorname":"SNCF","shortname":"E","bookingrules":null,"mode":"RapidTransit","nom_commune":"Vaires-sur-Marne","code_insee":"77479"}},{"type":"Feature","geometry":{"type":"Point","coordinates":[2.5132322873015256,48.79532749459459]},"properties":{"id":"IDFM:C01742","route_long_name":"A","stop_id":"IDFM:monomodalStopPlace:43146","stop_name":"La Varenne - Chennevi\u00e8res","stop_lon":"2.5132322873015256","stop_lat":"48.79532749459459","operatorname":"SNCF","shortname":"A","bookingrules":null,"mode":"RapidTransit","nom_commune":"Saint-Maur-des-Foss\u00e9s","code_insee":"94068"}},{"type":"Feature","geometry":{"type":"Point","coordinates":[2.486623744135692,48.8054097518155]},"properties":{"id":"IDFM:C01742","route_long_name":"A","stop_id":"IDFM:monomodalStopPlace:43234","stop_name":"Le Parc de Saint-Maur","stop_lon":"2.486623744135692","stop_lat":"48.8054097518155","operatorname":"SNCF","shortname":"A","bookingrules":null,"mode":"RapidTransit","nom_commune":"Saint-Maur-des-Foss\u00e9s","code_insee":"94068"}},{"type":"Feature","geometry":{"type":"Point","coordinates":[2.4729094308778183,48.80619648110731]},"properties":{"id":"IDFM:C01742","route_long_name":"A","stop_id":"IDFM:monomodalStopPlace:44801","stop_name":"Saint-Maur - Cr\u00e9teil","stop_lon":"2.4729094308778183","stop_lat":"48.80619648110731","operatorname":"SNCF","shortname":"A","bookingrules":null,"mode":"RapidTransit","nom_commune":"Saint-Maur-des-Foss\u00e9s","code_insee":"94068"}},{"type":"Feature","geometry":{"type":"Point","coordinates":[2.0936529195192275,48.95541092942684]},"properties":{"id":"IDFM:C01742","route_long_name":"A","stop_id":"IDFM:monomodalStopPlace:47915","stop_name":"Ach\u00e8res Grand Cormier","stop_lon":"2.0936529195192275","stop_lat":"48.95541092942684","operatorname":"SNCF","shortname":"A","bookingrules":null,"mode":"RapidTransit","nom_commune":"Saint-Germain-en-Laye","code_insee":"78551"}},{"type":"Feature","geometry":{"type":"Point","coordinates":[2.1851757042018707,48.92034757911033]},"properties":{"id":"IDFM:C01742","route_long_name":"A","stop_id":"IDFM:monomodalStopPlace:43082","stop_name":"Houilles - Carri\u00e8res-sur-Seine","stop_lon":"2.1851757042018707","stop_lat":"48.92034757911033","operatorname":"SNCF","shortname":"A","bookingrules":null,"mode":"RapidTransit","nom_commune":"Houilles","code_insee":"78311"}},{"type":"Feature","geometry":{"type":"Point","coordinates":[2.1572200388507317,48.93769529363442]},"properties":{"id":"IDFM:C01742","route_long_name":"A","stop_id":"IDFM:monomodalStopPlace:43191","stop_name":"Sartrouville","stop_lon":"2.1572200388507317","stop_lat":"48.93769529363442","operatorname":"SNCF","shortname":"A","bookingrules":null,"mode":"RapidTransit","nom_commune":"Sartrouville","code_insee":"78586"}},{"type":"Feature","geometry":{"type":"Point","coordinates":[2.0777265246565433,48.970643570814424]},"properties":{"id":"IDFM:C01742","route_long_name":"A","stop_id":"IDFM:monomodalStopPlace:46647","stop_name":"Ach\u00e8res Ville","stop_lon":"2.0777265246565433","stop_lat":"48.970643570814424","operatorname":"SNCF","shortname":"A","bookingrules":null,"mode":"RapidTransit","nom_commune":"Ach\u00e8res","code_insee":"78005"}},{"type":"Feature","geometry":{"type":"Point","coordinates":[2.0345219282999176,49.049642166828754]},"properties":{"id":"IDFM:C01742","route_long_name":"A","stop_id":"IDFM:monomodalStopPlace:47897","stop_name":"Cergy Saint-Christophe","stop_lon":"2.0345219282999176","stop_lat":"49.049642166828754","operatorname":"SNCF","shortname":"A","bookingrules":null,"mode":"RapidTransit","nom_commune":"Cergy","code_insee":"95127"}},{"type":"Feature","geometry":{"type":"Point","coordinates":[2.5709800477570233,49.0041455478504]},"properties":{"id":"IDFM:C01743","route_long_name":"B","stop_id":"IDFM:monomodalStopPlace:473364","stop_name":"A\u00e9roport Charles de Gaulle 2 (Terminal 2)","stop_lon":"2.5709800477570233","stop_lat":"49.0041455478504","operatorname":"SNCF","shortname":"B","bookingrules":null,"mode":"RapidTransit","nom_commune":"Tremblay-en-France","code_insee":"93073"}},{"type":"Feature","geometry":{"type":"Point","coordinates":[2.454883180745302,48.932732553959134]},"properties":{"id":"IDFM:C01743","route_long_name":"B","stop_id":"IDFM:monomodalStopPlace:43122","stop_name":"Drancy","stop_lon":"2.454883180745302","stop_lat":"48.932732553959134","operatorname":"SNCF","shortname":"B","bookingrules":null,"mode":"RapidTransit","nom_commune":"Drancy","code_insee":"93029"}},{"type":"Feature","geometry":{"type":"Point","coordinates":[2.425825637815098,48.930744340383264]},"properties":{"id":"IDFM:C01743","route_long_name":"B","stop_id":"IDFM:monomodalStopPlace:43231","stop_name":"Le Bourget","stop_lon":"2.425825637815098","stop_lat":"48.930744340383264","operatorname":"SNCF","shortname":"B","bookingrules":null,"mode":"RapidTransit","nom_commune":"Le Bourget","code_insee":"93013"}},{"type":"Feature","geometry":{"type":"Point","coordinates":[2.3343440158701894,48.808360137202826]},"properties":{"id":"IDFM:C01743","route_long_name":"B","stop_id":"IDFM:monomodalStopPlace:43607","stop_name":"Laplace","stop_lon":"2.3343440158701894","stop_lat":"48.808360137202826","operatorname":"SNCF","shortname":"B","bookingrules":null,"mode":"RapidTransit","nom_commune":"Arcueil","code_insee":"94003"}},{"type":"Feature","geometry":{"type":"Point","coordinates":[2.3220087047421583,48.79333690627149]},"properties":{"id":"IDFM:C01743","route_long_name":"B","stop_id":"IDFM:monomodalStopPlace:44493","stop_name":"Bagneux","stop_lon":"2.3220087047421583","stop_lat":"48.79333690627149","operatorname":"SNCF","shortname":"B","bookingrules":null,"mode":"RapidTransit","nom_commune":"Cachan","code_insee":"94016"}},{"type":"Feature","geometry":{"type":"Point","coordinates":[2.2929083820455323,48.78756698215643]},"properties":{"id":"IDFM:C01743","route_long_name":"B","stop_id":"IDFM:monomodalStopPlace:43125","stop_name":"Fontenay-aux-Roses","stop_lon":"2.2929083820455323","stop_lat":"48.78756698215643","operatorname":"SNCF","shortname":"B","bookingrules":null,"mode":"RapidTransit","nom_commune":"Fontenay-aux-Roses","code_insee":"92032"}},{"type":"Feature","geometry":{"type":"Point","coordinates":[2.3042107053612133,48.76171816323692]},"properties":{"id":"IDFM:C01743","route_long_name":"B","stop_id":"IDFM:monomodalStopPlace:46007","stop_name":"La Croix de Berny","stop_lon":"2.3042107053612133","stop_lat":"48.76171816323692","operatorname":"SNCF","shortname":"B","bookingrules":null,"mode":"RapidTransit","nom_commune":"Antony","code_insee":"92002"}},{"type":"Feature","geometry":{"type":"Point","coordinates":[2.273978779055319,48.7349579552114]},"properties":{"id":"IDFM:C01743","route_long_name":"B","stop_id":"IDFM:monomodalStopPlace:47940","stop_name":"Massy - Verri\u00e8res","stop_lon":"2.273978779055319","stop_lat":"48.7349579552114","operatorname":"SNCF","shortname":"B","bookingrules":null,"mode":"RapidTransit","nom_commune":"Massy","code_insee":"91377"}},{"type":"Feature","geometry":{"type":"Point","coordinates":[2.1643461393269345,48.69621022314541]},"properties":{"id":"IDFM:C01743","route_long_name":"B","stop_id":"IDFM:monomodalStopPlace:43103","stop_name":"Bures-sur-Yvette","stop_lon":"2.1643461393269345","stop_lat":"48.69621022314541","operatorname":"SNCF","shortname":"B","bookingrules":null,"mode":"RapidTransit","nom_commune":"Bures-sur-Yvette","code_insee":"91122"}},{"type":"Feature","geometry":{"type":"Point","coordinates":[2.097722386795541,48.70131367727702]},"properties":{"id":"IDFM:C01743","route_long_name":"B","stop_id":"IDFM:monomodalStopPlace:47052","stop_name":"Courcelle-sur-Yvette","stop_lon":"2.097722386795541","stop_lat":"48.70131367727702","operatorname":"SNCF","shortname":"B","bookingrules":null,"mode":"RapidTransit","nom_commune":"Gif-sur-Yvette","code_insee":"91272"}},{"type":"Feature","geometry":{"type":"Point","coordinates":[2.4174549898851208,48.74520105223681]},"properties":{"id":"IDFM:C01727","route_long_name":"C","stop_id":"IDFM:monomodalStopPlace:46298","stop_name":"Les Saules","stop_lon":"2.4174549898851208","stop_lat":"48.74520105223681","operatorname":"SNCF","shortname":"C","bookingrules":null,"mode":"RapidTransit","nom_commune":"Orly","code_insee":"94054"}},{"type":"Feature","geometry":{"type":"Point","coordinates":[2.044615988930814,48.78748491597792]},"properties":{"id":"IDFM:C01727","route_long_name":"C","stop_id":"IDFM:monomodalStopPlace:461504","stop_name":"Saint-Quentin en Yvelines - Montigny-le-Bretonneux","stop_lon":"2.044615988930814","stop_lat":"48.78748491597792","operatorname":"SNCF","shortname":"C","bookingrules":null,"mode":"RapidTransit","nom_commune":"Montigny-le-Bretonneux","code_insee":"78423"}},{"type":"Feature","geometry":{"type":"Point","coordinates":[2.17158260741522,48.800665521455045]},"properties":{"id":"IDFM:C01727","route_long_name":"C","stop_id":"IDFM:monomodalStopPlace:462388","stop_name":"Viroflay Rive Gauche","stop_lon":"2.17158260741522","stop_lat":"48.800665521455045","operatorname":"SNCF","shortname":"C","bookingrules":null,"mode":"RapidTransit","nom_commune":"Viroflay","code_insee":"78686"}},{"type":"Feature","geometry":{"type":"Point","coordinates":[2.2640113460455353,48.83050964570215]},"properties":{"id":"IDFM:C01727","route_long_name":"C","stop_id":"IDFM:monomodalStopPlace:462357","stop_name":"Issy - Val de Seine","stop_lon":"2.2640113460455353","stop_lat":"48.83050964570215","operatorname":"SNCF","shortname":"C","bookingrules":null,"mode":"RapidTransit","nom_commune":"Issy-les-Moulineaux","code_insee":"92040"}},{"type":"Feature","geometry":{"type":"Point","coordinates":[2.2412169696111426,48.58599680822646]},"properties":{"id":"IDFM:C01727","route_long_name":"C","stop_id":"IDFM:monomodalStopPlace:43068","stop_name":"Arpajon","stop_lon":"2.2412169696111426","stop_lat":"48.58599680822646","operatorname":"SNCF","shortname":"C","bookingrules":null,"mode":"RapidTransit","nom_commune":"Arpajon","code_insee":"91021"}},{"type":"Feature","geometry":{"type":"Point","coordinates":[2.128124092657316,49.0341234164973]},"properties":{"id":"IDFM:C01727","route_long_name":"C","stop_id":"IDFM:monomodalStopPlace:43150","stop_name":"Saint-Ouen-l'Aum\u00f4ne Liesse","stop_lon":"2.128124092657316","stop_lat":"49.0341234164973","operatorname":"SNCF","shortname":"C","bookingrules":null,"mode":"RapidTransit","nom_commune":"Saint-Ouen-l'Aum\u00f4ne","code_insee":"95572"}},{"type":"Feature","geometry":{"type":"Point","coordinates":[2.2747712644338454,48.86985281215763]},"properties":{"id":"IDFM:C01727","route_long_name":"C","stop_id":"IDFM:monomodalStopPlace:45437","stop_name":"Avenue Foch","stop_lon":"2.2747712644338454","stop_lat":"48.86985281215763","operatorname":"SNCF","shortname":"C","bookingrules":null,"mode":"RapidTransit","nom_commune":"Paris","code_insee":"75056"}},{"type":"Feature","geometry":{"type":"Point","coordinates":[2.367818767583529,48.84032035638395]},"properties":{"id":"IDFM:C01727","route_long_name":"C","stop_id":"IDFM:monomodalStopPlace:43072","stop_name":"Gare d'Austerlitz","stop_lon":"2.367818767583529","stop_lat":"48.84032035638395","operatorname":"SNCF","shortname":"C","bookingrules":null,"mode":"RapidTransit","nom_commune":"Paris","code_insee":"75056"}},{"type":"Feature","geometry":{"type":"Point","coordinates":[2.403668724287269,48.71266832171659]},"properties":{"id":"IDFM:C01727","route_long_name":"C","stop_id":"IDFM:monomodalStopPlace:46395","stop_name":"Athis-Mons","stop_lon":"2.403668724287269","stop_lat":"48.71266832171659","operatorname":"SNCF","shortname":"C","bookingrules":null,"mode":"RapidTransit","nom_commune":"Athis-Mons","code_insee":"91027"}},{"type":"Feature","geometry":{"type":"Point","coordinates":[2.5426100742385285,48.56502608446919]},"properties":{"id":"IDFM:C01728","route_long_name":"D","stop_id":"IDFM:monomodalStopPlace:45814","stop_name":"Saint-Fargeau","stop_lon":"2.5426100742385285","stop_lat":"48.56502608446919","operatorname":"SNCF","shortname":"D","bookingrules":null,"mode":"RapidTransit","nom_commune":"Saint-Fargeau-Ponthierry","code_insee":"77407"}},{"type":"Feature","geometry":{"type":"Point","coordinates":[2.492424499497774,48.56619819315809]},"properties":{"id":"IDFM:C01728","route_long_name":"D","stop_id":"IDFM:monomodalStopPlace:45824","stop_name":"Le Coudray-Montceaux","stop_lon":"2.492424499497774","stop_lat":"48.56619819315809","operatorname":"SNCF","shortname":"D","bookingrules":null,"mode":"RapidTransit","nom_commune":"Le Coudray-Montceaux","code_insee":"91179"}},{"type":"Feature","geometry":{"type":"Point","coordinates":[2.3700930488013845,48.53101531216478]},"properties":{"id":"IDFM:C01728","route_long_name":"D","stop_id":"IDFM:monomodalStopPlace:43087","stop_name":"Ballancourt","stop_lon":"2.3700930488013845","stop_lat":"48.53101531216478","operatorname":"SNCF","shortname":"D","bookingrules":null,"mode":"RapidTransit","nom_commune":"Ballancourt-sur-Essonne","code_insee":"91045"}},{"type":"Feature","geometry":{"type":"Point","coordinates":[2.3767454804181263,48.43442542513416]},"properties":{"id":"IDFM:C01728","route_long_name":"D","stop_id":"IDFM:monomodalStopPlace:47895","stop_name":"Boutigny","stop_lon":"2.3767454804181263","stop_lat":"48.43442542513416","operatorname":"SNCF","shortname":"D","bookingrules":null,"mode":"RapidTransit","nom_commune":"Boutigny-sur-Essonne","code_insee":"91099"}},{"type":"Feature","geometry":{"type":"Point","coordinates":[2.65469836071817,48.527491277248295]},"properties":{"id":"IDFM:C01728","route_long_name":"D","stop_id":"IDFM:monomodalStopPlace:47909","stop_name":"Melun","stop_lon":"2.65469836071817","stop_lat":"48.527491277248295","operatorname":"SNCF","shortname":"D","bookingrules":null,"mode":"RapidTransit","nom_commune":"Melun","code_insee":"77288"}},{"type":"Feature","geometry":{"type":"Point","coordinates":[2.5946150549367304,48.56486314053174]},"properties":{"id":"IDFM:C01728","route_long_name":"D","stop_id":"IDFM:monomodalStopPlace:42516","stop_name":"Cesson","stop_lon":"2.5946150549367304","stop_lat":"48.56486314053174","operatorname":"SNCF","shortname":"D","bookingrules":null,"mode":"RapidTransit","nom_commune":"Cesson","code_insee":"77067"}},{"type":"Feature","geometry":{"type":"Point","coordinates":[2.4625658079312593,49.02341075826703]},"properties":{"id":"IDFM:C01728","route_long_name":"D","stop_id":"IDFM:monomodalStopPlace:47876","stop_name":"Goussainville","stop_lon":"2.4625658079312593","stop_lat":"49.02341075826703","operatorname":"SNCF","shortname":"D","bookingrules":null,"mode":"RapidTransit","nom_commune":"Goussainville","code_insee":"95280"}},{"type":"Feature","geometry":{"type":"Point","coordinates":[2.3703314284767747,48.96277628555098]},"properties":{"id":"IDFM:C01728","route_long_name":"D","stop_id":"IDFM:monomodalStopPlace:43179","stop_name":"Pierrefitte - Stains","stop_lon":"2.3703314284767747","stop_lat":"48.96277628555098","operatorname":"SNCF","shortname":"D","bookingrules":null,"mode":"RapidTransit","nom_commune":"Saint-Denis","code_insee":"93066"}},{"type":"Feature","geometry":{"type":"Point","coordinates":[2.356693437528564,48.88230685842714]},"properties":{"id":"IDFM:C01728","route_long_name":"D","stop_id":"IDFM:monomodalStopPlace:462394","stop_name":"Gare du Nord","stop_lon":"2.356693437528564","stop_lat":"48.88230685842714","operatorname":"SNCF","shortname":"D","bookingrules":null,"mode":"RapidTransit","nom_commune":"Paris","code_insee":"75056"}},{"type":"Feature","geometry":{"type":"Point","coordinates":[2.435315840251248,48.771254072297346]},"properties":{"id":"IDFM:C01728","route_long_name":"D","stop_id":"IDFM:monomodalStopPlace:46286","stop_name":"Cr\u00e9teil Pompadour","stop_lon":"2.435315840251248","stop_lat":"48.771254072297346","operatorname":"SNCF","shortname":"D","bookingrules":null,"mode":"RapidTransit","nom_commune":"Cr\u00e9teil","code_insee":"94028"}},{"type":"Feature","geometry":{"type":"Point","coordinates":[2.727167738339898,48.74645539980236]},"properties":{"id":"IDFM:C01729","route_long_name":"E","stop_id":"IDFM:monomodalStopPlace:43131","stop_name":"Gretz-Armainvilliers","stop_lon":"2.727167738339898","stop_lat":"48.74645539980236","operatorname":"SNCF","shortname":"E","bookingrules":null,"mode":"RapidTransit","nom_commune":"Gretz-Armainvilliers","code_insee":"77215"}},{"type":"Feature","geometry":{"type":"Point","coordinates":[2.7589013341652717,48.739445157221006]},"properties":{"id":"IDFM:C01729","route_long_name":"E","stop_id":"IDFM:monomodalStopPlace:43208","stop_name":"Tournan","stop_lon":"2.7589013341652717","stop_lat":"48.739445157221006","operatorname":"SNCF","shortname":"E","bookingrules":null,"mode":"RapidTransit","nom_commune":"Tournan-en-Brie","code_insee":"77470"}},{"type":"Feature","geometry":{"type":"Point","coordinates":[2.328646179742093,48.874998862001185]},"properties":{"id":"IDFM:C01729","route_long_name":"E","stop_id":"IDFM:monomodalStopPlace:58718","stop_name":"Haussmann Saint-Lazare","stop_lon":"2.328646179742093","stop_lat":"48.874998862001185","operatorname":"SNCF","shortname":"E","bookingrules":null,"mode":"RapidTransit","nom_commune":"Paris","code_insee":"75056"}},{"type":"Feature","geometry":{"type":"Point","coordinates":[2.358695908637114,48.88081039411524]},"properties":{"id":"IDFM:C01729","route_long_name":"E","stop_id":"IDFM:monomodalStopPlace:58572","stop_name":"Magenta","stop_lon":"2.358695908637114","stop_lat":"48.88081039411524","operatorname":"SNCF","shortname":"E","bookingrules":null,"mode":"RapidTransit","nom_commune":"Paris","code_insee":"75056"}},{"type":"Feature","geometry":{"type":"Point","coordinates":[2.5527724908646303,48.877159125382796]},"properties":{"id":"IDFM:C01729","route_long_name":"E","stop_id":"IDFM:monomodalStopPlace:43127","stop_name":"Le Ch\u00e9nay Gagny","stop_lon":"2.5527724908646303","stop_lat":"48.877159125382796","operatorname":"SNCF","shortname":"E","bookingrules":null,"mode":"RapidTransit","nom_commune":"Gagny","code_insee":"93032"}},{"type":"Feature","geometry":{"type":"Point","coordinates":[2.213536495127317,48.90112974604822]},"properties":{"id":"IDFM:C01742","route_long_name":"A","stop_id":"IDFM:monomodalStopPlace:43170","stop_name":"Nanterre Universit\u00e9","stop_lon":"2.213536495127317","stop_lat":"48.90112974604822","operatorname":"SNCF","shortname":"A","bookingrules":null,"mode":"RapidTransit","nom_commune":"Nanterre","code_insee":"92050"}},{"type":"Feature","geometry":{"type":"Point","coordinates":[2.19511769490499,48.89501972616058]},"properties":{"id":"IDFM:C01742","route_long_name":"A","stop_id":"IDFM:monomodalStopPlace:43171","stop_name":"Nanterre - Ville","stop_lon":"2.19511769490499","stop_lat":"48.89501972616058","operatorname":"SNCF","shortname":"A","bookingrules":null,"mode":"RapidTransit","nom_commune":"Nanterre","code_insee":"92050"}},{"type":"Feature","geometry":{"type":"Point","coordinates":[2.4638739495546496,48.82119737360793]},"properties":{"id":"IDFM:C01742","route_long_name":"A","stop_id":"IDFM:monomodalStopPlace:43135","stop_name":"Joinville-le-Pont","stop_lon":"2.4638739495546496","stop_lat":"48.82119737360793","operatorname":"SNCF","shortname":"A","bookingrules":null,"mode":"RapidTransit","nom_commune":"Joinville-le-Pont","code_insee":"94042"}},{"type":"Feature","geometry":{"type":"Point","coordinates":[2.5488073205108335,48.84088515401643]},"properties":{"id":"IDFM:C01742","route_long_name":"A","stop_id":"IDFM:monomodalStopPlace:474082","stop_name":"Noisy-le-Grand - Mont d'Est","stop_lon":"2.5488073205108335","stop_lat":"48.84088515401643","operatorname":"SNCF","shortname":"A","bookingrules":null,"mode":"RapidTransit","nom_commune":"Noisy-le-Grand","code_insee":"93051"}},{"type":"Feature","geometry":{"type":"Point","coordinates":[2.3296591495793595,48.872348840718196]},"properties":{"id":"IDFM:C01742","route_long_name":"A","stop_id":"IDFM:monomodalStopPlace:45873","stop_name":"Auber","stop_lon":"2.3296591495793595","stop_lat":"48.872348840718196","operatorname":"SNCF","shortname":"A","bookingrules":null,"mode":"RapidTransit","nom_commune":"Paris","code_insee":"75056"}},{"type":"Feature","geometry":{"type":"Point","coordinates":[2.1446722659338855,48.94574060746957]},"properties":{"id":"IDFM:C01742","route_long_name":"A","stop_id":"IDFM:monomodalStopPlace:473109","stop_name":"Maisons-Laffitte","stop_lon":"2.1446722659338855","stop_lat":"48.94574060746957","operatorname":"SNCF","shortname":"A","bookingrules":null,"mode":"RapidTransit","nom_commune":"Maisons-Laffitte","code_insee":"78358"}},{"type":"Feature","geometry":{"type":"Point","coordinates":[2.603220561532749,48.95316214687084]},"properties":{"id":"IDFM:C01743","route_long_name":"B","stop_id":"IDFM:monomodalStopPlace:46725","stop_name":"Villeparisis - Mitry-le-Neuf","stop_lon":"2.603220561532749","stop_lat":"48.95316214687084","operatorname":"SNCF","shortname":"B","bookingrules":null,"mode":"RapidTransit","nom_commune":"Mitry-Mory","code_insee":"77294"}},{"type":"Feature","geometry":{"type":"Point","coordinates":[2.495597257086315,48.932150935734064]},"properties":{"id":"IDFM:C01743","route_long_name":"B","stop_id":"IDFM:monomodalStopPlace:43071","stop_name":"Aulnay-sous-Bois","stop_lon":"2.495597257086315","stop_lat":"48.932150935734064","operatorname":"SNCF","shortname":"B","bookingrules":null,"mode":"RapidTransit","nom_commune":"Aulnay-sous-Bois","code_insee":"93005"}},{"type":"Feature","geometry":{"type":"Point","coordinates":[2.3861140570949475,48.92429743203911]},"properties":{"id":"IDFM:C01743","route_long_name":"B","stop_id":"IDFM:monomodalStopPlace:43140","stop_name":"La Courneuve - Aubervilliers","stop_lon":"2.3861140570949475","stop_lat":"48.92429743203911","operatorname":"SNCF","shortname":"B","bookingrules":null,"mode":"RapidTransit","nom_commune":"La Courneuve","code_insee":"93027"}},{"type":"Feature","geometry":{"type":"Point","coordinates":[2.344959780029387,48.853023793740164]},"properties":{"id":"IDFM:C01743","route_long_name":"B","stop_id":"IDFM:monomodalStopPlace:44877","stop_name":"Saint-Michel Notre-Dame","stop_lon":"2.344959780029387","stop_lat":"48.853023793740164","operatorname":"SNCF","shortname":"B","bookingrules":null,"mode":"RapidTransit","nom_commune":"Paris","code_insee":"75056"}},{"type":"Feature","geometry":{"type":"Point","coordinates":[2.237329249708309,48.7081489333421]},"properties":{"id":"IDFM:C01743","route_long_name":"B","stop_id":"IDFM:monomodalStopPlace:43175","stop_name":"Palaiseau - Villebon","stop_lon":"2.237329249708309","stop_lat":"48.7081489333421","operatorname":"SNCF","shortname":"B","bookingrules":null,"mode":"RapidTransit","nom_commune":"Palaiseau","code_insee":"91477"}},{"type":"Feature","geometry":{"type":"Point","coordinates":[2.071385742904064,48.702732696472715]},"properties":{"id":"IDFM:C01743","route_long_name":"B","stop_id":"IDFM:monomodalStopPlace:47889","stop_name":"Saint-R\u00e9my-l\u00e8s-Chevreuse","stop_lon":"2.071385742904064","stop_lat":"48.702732696472715","operatorname":"SNCF","shortname":"B","bookingrules":null,"mode":"RapidTransit","nom_commune":"Saint-R\u00e9my-l\u00e8s-Chevreuse","code_insee":"78575"}},{"type":"Feature","geometry":{"type":"Point","coordinates":[2.130150772175517,48.79991350059487]},"properties":{"id":"IDFM:C01727","route_long_name":"C","stop_id":"IDFM:monomodalStopPlace:43220","stop_name":"Versailles Ch\u00e2teau Rive Gauche","stop_lon":"2.130150772175517","stop_lat":"48.79991350059487","operatorname":"SNCF","shortname":"C","bookingrules":null,"mode":"RapidTransit","nom_commune":"Versailles","code_insee":"78646"}},{"type":"Feature","geometry":{"type":"Point","coordinates":[2.1522340489858127,48.79654475986442]},"properties":{"id":"IDFM:C01727","route_long_name":"C","stop_id":"IDFM:monomodalStopPlace:43183","stop_name":"Porchefontaine","stop_lon":"2.1522340489858127","stop_lat":"48.79654475986442","operatorname":"SNCF","shortname":"C","bookingrules":null,"mode":"RapidTransit","nom_commune":"Versailles","code_insee":"78646"}},{"type":"Feature","geometry":{"type":"Point","coordinates":[2.072712440765476,48.79877460471833]},"properties":{"id":"IDFM:C01727","route_long_name":"C","stop_id":"IDFM:monomodalStopPlace:46990","stop_name":"Saint-Cyr","stop_lon":"2.072712440765476","stop_lat":"48.79877460471833","operatorname":"SNCF","shortname":"C","bookingrules":null,"mode":"RapidTransit","nom_commune":"Saint-Cyr-l'\u00c9cole","code_insee":"78545"}},{"type":"Feature","geometry":{"type":"Point","coordinates":[1.996005688002604,48.53542058733677]},"properties":{"id":"IDFM:C01727","route_long_name":"C","stop_id":"IDFM:monomodalStopPlace:47095","stop_name":"Dourdan la For\u00eat","stop_lon":"1.996005688002604","stop_lat":"48.53542058733677","operatorname":"SNCF","shortname":"C","bookingrules":null,"mode":"RapidTransit","nom_commune":"Dourdan","code_insee":"91200"}},{"type":"Feature","geometry":{"type":"Point","coordinates":[2.069088468619773,48.535687624993614]},"properties":{"id":"IDFM:C01727","route_long_name":"C","stop_id":"IDFM:monomodalStopPlace:47950","stop_name":"Sermaise","stop_lon":"2.069088468619773","stop_lat":"48.535687624993614","operatorname":"SNCF","shortname":"C","bookingrules":null,"mode":"RapidTransit","nom_commune":"Sermaise","code_insee":"91593"}},{"type":"Feature","geometry":{"type":"Point","coordinates":[2.257017857907824,48.985149200200375]},"properties":{"id":"IDFM:C01727","route_long_name":"C","stop_id":"IDFM:monomodalStopPlace:43105","stop_name":"Cernay","stop_lon":"2.257017857907824","stop_lat":"48.985149200200375","operatorname":"SNCF","shortname":"C","bookingrules":null,"mode":"RapidTransit","nom_commune":"Ermont","code_insee":"95219"}},{"type":"Feature","geometry":{"type":"Point","coordinates":[2.307982254553742,48.93282405536431]},"properties":{"id":"IDFM:C01727","route_long_name":"C","stop_id":"IDFM:monomodalStopPlace:43130","stop_name":"Gennevilliers","stop_lon":"2.307982254553742","stop_lat":"48.93282405536431","operatorname":"SNCF","shortname":"C","bookingrules":null,"mode":"RapidTransit","nom_commune":"Gennevilliers","code_insee":"92036"}},{"type":"Feature","geometry":{"type":"Point","coordinates":[2.3159411535514716,48.894262568309564]},"properties":{"id":"IDFM:C01727","route_long_name":"C","stop_id":"IDFM:monomodalStopPlace:44514","stop_name":"Porte de Clichy","stop_lon":"2.3159411535514716","stop_lat":"48.894262568309564","operatorname":"SNCF","shortname":"C","bookingrules":null,"mode":"RapidTransit","nom_commune":"Paris","code_insee":"75056"}},{"type":"Feature","geometry":{"type":"Point","coordinates":[2.2992286819828145,48.88602700780433]},"properties":{"id":"IDFM:C01727","route_long_name":"C","stop_id":"IDFM:monomodalStopPlace:44314","stop_name":"P\u00e9reire Levallois","stop_lon":"2.2992286819828145","stop_lat":"48.88602700780433","operatorname":"SNCF","shortname":"C","bookingrules":null,"mode":"RapidTransit","nom_commune":"Paris","code_insee":"75056"}},{"type":"Feature","geometry":{"type":"Point","coordinates":[2.274806827480264,48.856981095562965]},"properties":{"id":"IDFM:C01727","route_long_name":"C","stop_id":"IDFM:monomodalStopPlace:45453","stop_name":"Boulainvilliers","stop_lon":"2.274806827480264","stop_lat":"48.856981095562965","operatorname":"SNCF","shortname":"C","bookingrules":null,"mode":"RapidTransit","nom_commune":"Paris","code_insee":"75056"}},{"type":"Feature","geometry":{"type":"Point","coordinates":[2.3003592740110994,48.86247496310803]},"properties":{"id":"IDFM:C01727","route_long_name":"C","stop_id":"IDFM:monomodalStopPlace:415091","stop_name":"Pont de l'Alma","stop_lon":"2.3003592740110994","stop_lat":"48.86247496310803","operatorname":"SNCF","shortname":"C","bookingrules":null,"mode":"RapidTransit","nom_commune":"Paris","code_insee":"75056"}},{"type":"Feature","geometry":{"type":"Point","coordinates":[2.57179291425262,48.52985734002498]},"properties":{"id":"IDFM:C01728","route_long_name":"D","stop_id":"IDFM:monomodalStopPlace:45763","stop_name":"Boissise-le-Roi","stop_lon":"2.57179291425262","stop_lat":"48.52985734002498","operatorname":"SNCF","shortname":"D","bookingrules":null,"mode":"RapidTransit","nom_commune":"Boissise-le-Roi","code_insee":"77040"}},{"type":"Feature","geometry":{"type":"Point","coordinates":[2.5069908684194053,49.1261949449139]},"properties":{"id":"IDFM:C01728","route_long_name":"D","stop_id":"IDFM:monomodalStopPlace:411418","stop_name":"La Borne Blanche (Gare)","stop_lon":"2.5069908684194053","stop_lat":"49.1261949449139","operatorname":"SNCF","shortname":"D","bookingrules":null,"mode":"RapidTransit","nom_commune":"Orry-la-Ville","code_insee":"60482"}},{"type":"Feature","geometry":{"type":"Point","coordinates":[2.4010364417288774,48.293633291470464]},"properties":{"id":"IDFM:C01728","route_long_name":"D","stop_id":"IDFM:monomodalStopPlace:411485","stop_name":"Malesherbes","stop_lon":"2.4010364417288774","stop_lat":"48.293633291470464","operatorname":"SNCF","shortname":"D","bookingrules":null,"mode":"RapidTransit","nom_commune":"Le Malesherbois","code_insee":"45191"}},{"type":"Feature","geometry":{"type":"Point","coordinates":[2.5068503123113692,48.698914475306886]},"properties":{"id":"IDFM:C01728","route_long_name":"D","stop_id":"IDFM:monomodalStopPlace:58873","stop_name":"Brunoy","stop_lon":"2.5068503123113692","stop_lat":"48.698914475306886","operatorname":"SNCF","shortname":"D","bookingrules":null,"mode":"RapidTransit","nom_commune":"Brunoy","code_insee":"91114"}},{"type":"Feature","geometry":{"type":"Point","coordinates":[2.461377446437224,48.70871108366713]},"properties":{"id":"IDFM:C01728","route_long_name":"D","stop_id":"IDFM:monomodalStopPlace:47684","stop_name":"Montgeron - Crosne","stop_lon":"2.461377446437224","stop_lat":"48.70871108366713","operatorname":"SNCF","shortname":"D","bookingrules":null,"mode":"RapidTransit","nom_commune":"Montgeron","code_insee":"91421"}},{"type":"Feature","geometry":{"type":"Point","coordinates":[2.413499342148242,48.70808932141768]},"properties":{"id":"IDFM:C01728","route_long_name":"D","stop_id":"IDFM:monomodalStopPlace:45735","stop_name":"Vigneux-sur-Seine","stop_lon":"2.413499342148242","stop_lat":"48.70808932141768","operatorname":"SNCF","shortname":"D","bookingrules":null,"mode":"RapidTransit","nom_commune":"Vigneux-sur-Seine","code_insee":"91657"}},{"type":"Feature","geometry":{"type":"Point","coordinates":[2.387021960013403,48.67590783936994]},"properties":{"id":"IDFM:C01728","route_long_name":"D","stop_id":"IDFM:monomodalStopPlace:43225","stop_name":"Viry-Ch\u00e2tillon","stop_lon":"2.387021960013403","stop_lat":"48.67590783936994","operatorname":"SNCF","shortname":"D","bookingrules":null,"mode":"RapidTransit","nom_commune":"Viry-Ch\u00e2tillon","code_insee":"91687"}},{"type":"Feature","geometry":{"type":"Point","coordinates":[2.4523091616356028,48.63439299320402]},"properties":{"id":"IDFM:C01728","route_long_name":"D","stop_id":"IDFM:monomodalStopPlace:45745","stop_name":"\u00c9vry - Val de Seine","stop_lon":"2.4523091616356028","stop_lat":"48.63439299320402","operatorname":"SNCF","shortname":"D","bookingrules":null,"mode":"RapidTransit","nom_commune":"\u00c9vry-Courcouronnes","code_insee":"91228"}},{"type":"Feature","geometry":{"type":"Point","coordinates":[2.4857557993217947,48.87007067367753]},"properties":{"id":"IDFM:C01729","route_long_name":"E","stop_id":"IDFM:monomodalStopPlace:47877","stop_name":"Rosny-sous-Bois","stop_lon":"2.4857557993217947","stop_lat":"48.87007067367753","operatorname":"SNCF","shortname":"E","bookingrules":null,"mode":"RapidTransit","nom_commune":"Rosny-sous-Bois","code_insee":"93064"}},{"type":"Feature","geometry":{"type":"Point","coordinates":[2.5799804563719477,48.82311348135466]},"properties":{"id":"IDFM:C01729","route_long_name":"E","stop_id":"IDFM:monomodalStopPlace:58288","stop_name":"Les Yvris Noisy-le-Grand","stop_lon":"2.5799804563719477","stop_lat":"48.82311348135466","operatorname":"SNCF","shortname":"E","bookingrules":null,"mode":"RapidTransit","nom_commune":"Noisy-le-Grand","code_insee":"93051"}},{"type":"Feature","geometry":{"type":"Point","coordinates":[2.650530702348584,48.79563367624288]},"properties":{"id":"IDFM:C01729","route_long_name":"E","stop_id":"IDFM:monomodalStopPlace:46568","stop_name":"Roissy-en-Brie","stop_lon":"2.650530702348584","stop_lat":"48.79563367624288","operatorname":"SNCF","shortname":"E","bookingrules":null,"mode":"RapidTransit","nom_commune":"Roissy-en-Brie","code_insee":"77390"}},{"type":"Feature","geometry":{"type":"Point","coordinates":[2.226568794458685,48.897581324774116]},"properties":{"id":"IDFM:C01729","route_long_name":"E","stop_id":"IDFM:monomodalStopPlace:487011","stop_name":"Nanterre-La-Folie","stop_lon":"2.226568794458685","stop_lat":"48.897581324774116","operatorname":"SNCF","shortname":"E","bookingrules":null,"mode":"RapidTransit","nom_commune":"Nanterre","code_insee":"92050"}},{"type":"Feature","geometry":{"type":"Point","coordinates":[2.5254046016945138,48.883728731604535]},"properties":{"id":"IDFM:C01729","route_long_name":"E","stop_id":"IDFM:monomodalStopPlace:43044","stop_name":"Gagny","stop_lon":"2.5254046016945138","stop_lat":"48.883728731604535","operatorname":"SNCF","shortname":"E","bookingrules":null,"mode":"RapidTransit","nom_commune":"Gagny","code_insee":"93032"}},{"type":"Feature","geometry":{"type":"Point","coordinates":[2.1559376624708975,48.88519702561107]},"properties":{"id":"IDFM:C01742","route_long_name":"A","stop_id":"IDFM:monomodalStopPlace:53783","stop_name":"Chatou - Croissy","stop_lon":"2.1559376624708975","stop_lat":"48.88519702561107","operatorname":"SNCF","shortname":"A","bookingrules":null,"mode":"RapidTransit","nom_commune":"Chatou","code_insee":"78146"}},{"type":"Feature","geometry":{"type":"Point","coordinates":[2.095041912326374,48.898745300550765]},"properties":{"id":"IDFM:C01742","route_long_name":"A","stop_id":"IDFM:monomodalStopPlace:43198","stop_name":"Saint-Germain-en-Laye","stop_lon":"2.095041912326374","stop_lat":"48.898745300550765","operatorname":"SNCF","shortname":"A","bookingrules":null,"mode":"RapidTransit","nom_commune":"Saint-Germain-en-Laye","code_insee":"78551"}},{"type":"Feature","geometry":{"type":"Point","coordinates":[2.040804469960689,48.93324983956547]},"properties":{"id":"IDFM:C01742","route_long_name":"A","stop_id":"IDFM:monomodalStopPlace:47874","stop_name":"Poissy","stop_lon":"2.040804469960689","stop_lat":"48.93324983956547","operatorname":"SNCF","shortname":"A","bookingrules":null,"mode":"RapidTransit","nom_commune":"Poissy","code_insee":"78498"}},{"type":"Feature","geometry":{"type":"Point","coordinates":[2.7724268942340276,48.85484622851565]},"properties":{"id":"IDFM:C01742","route_long_name":"A","stop_id":"IDFM:monomodalStopPlace:43213","stop_name":"Val d'Europe","stop_lon":"2.7724268942340276","stop_lat":"48.85484622851565","operatorname":"SNCF","shortname":"A","bookingrules":null,"mode":"RapidTransit","nom_commune":"Chessy","code_insee":"77111"}},{"type":"Feature","geometry":{"type":"Point","coordinates":[2.7103828395096956,48.83671337078136]},"properties":{"id":"IDFM:C01742","route_long_name":"A","stop_id":"IDFM:monomodalStopPlace:58874","stop_name":"Bussy-Saint-Georges","stop_lon":"2.7103828395096956","stop_lat":"48.83671337078136","operatorname":"SNCF","shortname":"A","bookingrules":null,"mode":"RapidTransit","nom_commune":"Bussy-Saint-Georges","code_insee":"77058"}},{"type":"Feature","geometry":{"type":"Point","coordinates":[2.655169106193295,48.83971015133779]},"properties":{"id":"IDFM:C01742","route_long_name":"A","stop_id":"IDFM:monomodalStopPlace:43207","stop_name":"Torcy","stop_lon":"2.655169106193295","stop_lat":"48.83971015133779","operatorname":"SNCF","shortname":"A","bookingrules":null,"mode":"RapidTransit","nom_commune":"Torcy","code_insee":"77468"}},{"type":"Feature","geometry":{"type":"Point","coordinates":[2.633026934567703,48.839255049438655]},"properties":{"id":"IDFM:C01742","route_long_name":"A","stop_id":"IDFM:monomodalStopPlace:43152","stop_name":"Lognes","stop_lon":"2.633026934567703","stop_lat":"48.839255049438655","operatorname":"SNCF","shortname":"A","bookingrules":null,"mode":"RapidTransit","nom_commune":"Lognes","code_insee":"77258"}},{"type":"Feature","geometry":{"type":"Point","coordinates":[2.525670945020106,48.845137476280854]},"properties":{"id":"IDFM:C01742","route_long_name":"A","stop_id":"IDFM:monomodalStopPlace:43101","stop_name":"Bry-sur-Marne","stop_lon":"2.525670945020106","stop_lat":"48.845137476280854","operatorname":"SNCF","shortname":"A","bookingrules":null,"mode":"RapidTransit","nom_commune":"Bry-sur-Marne","code_insee":"94015"}},{"type":"Feature","geometry":{"type":"Point","coordinates":[2.4325836014183,48.84734683460296]},"properties":{"id":"IDFM:C01742","route_long_name":"A","stop_id":"IDFM:monomodalStopPlace:43224","stop_name":"Vincennes","stop_lon":"2.4325836014183","stop_lat":"48.84734683460296","operatorname":"SNCF","shortname":"A","bookingrules":null,"mode":"RapidTransit","nom_commune":"Vincennes","code_insee":"94080"}},{"type":"Feature","geometry":{"type":"Point","coordinates":[2.3959444654495297,48.84823319072756]},"properties":{"id":"IDFM:C01742","route_long_name":"A","stop_id":"IDFM:monomodalStopPlace:473875","stop_name":"Nation","stop_lon":"2.3959444654495297","stop_lat":"48.84823319072756","operatorname":"SNCF","shortname":"A","bookingrules":null,"mode":"RapidTransit","nom_commune":"Paris","code_insee":"75056"}},{"type":"Feature","geometry":{"type":"Point","coordinates":[2.376365660931201,48.84340211646564]},"properties":{"id":"IDFM:C01742","route_long_name":"A","stop_id":"IDFM:monomodalStopPlace:470195","stop_name":"Gare de Lyon","stop_lon":"2.376365660931201","stop_lat":"48.84340211646564","operatorname":"SNCF","shortname":"A","bookingrules":null,"mode":"RapidTransit","nom_commune":"Paris","code_insee":"75056"}},{"type":"Feature","geometry":{"type":"Point","coordinates":[2.011579068023536,49.04823262405815]},"properties":{"id":"IDFM:C01742","route_long_name":"A","stop_id":"IDFM:monomodalStopPlace:43104","stop_name":"Cergy le Haut","stop_lon":"2.011579068023536","stop_lat":"49.04823262405815","operatorname":"SNCF","shortname":"A","bookingrules":null,"mode":"RapidTransit","nom_commune":"Cergy","code_insee":"95127"}},{"type":"Feature","geometry":{"type":"Point","coordinates":[2.512783848981341,48.96256540760733]},"properties":{"id":"IDFM:C01743","route_long_name":"B","stop_id":"IDFM:monomodalStopPlace:58793","stop_name":"Villepinte","stop_lon":"2.512783848981341","stop_lat":"48.96256540760733","operatorname":"SNCF","shortname":"B","bookingrules":null,"mode":"RapidTransit","nom_commune":"Villepinte","code_insee":"93078"}},{"type":"Feature","geometry":{"type":"Point","coordinates":[2.362459916604931,48.918076675621]},"properties":{"id":"IDFM:C01743","route_long_name":"B","stop_id":"IDFM:monomodalStopPlace:43145","stop_name":"La Plaine Stade de France","stop_lon":"2.362459916604931","stop_lat":"48.918076675621","operatorname":"SNCF","shortname":"B","bookingrules":null,"mode":"RapidTransit","nom_commune":"Saint-Denis","code_insee":"93066"}},{"type":"Feature","geometry":{"type":"Point","coordinates":[2.3398088878203698,48.84543177842458]},"properties":{"id":"IDFM:C01743","route_long_name":"B","stop_id":"IDFM:monomodalStopPlace:43833","stop_name":"Luxembourg","stop_lon":"2.3398088878203698","stop_lat":"48.84543177842458","operatorname":"SNCF","shortname":"B","bookingrules":null,"mode":"RapidTransit","nom_commune":"Paris","code_insee":"75056"}},{"type":"Feature","geometry":{"type":"Point","coordinates":[2.3388576809777035,48.82150600684166]},"properties":{"id":"IDFM:C01743","route_long_name":"B","stop_id":"IDFM:monomodalStopPlace:473843","stop_name":"Cit\u00e9 Universitaire","stop_lon":"2.3388576809777035","stop_lat":"48.82150600684166","operatorname":"SNCF","shortname":"B","bookingrules":null,"mode":"RapidTransit","nom_commune":"Paris","code_insee":"75056"}},{"type":"Feature","geometry":{"type":"Point","coordinates":[2.328093276131277,48.79869767228883]},"properties":{"id":"IDFM:C01743","route_long_name":"B","stop_id":"IDFM:monomodalStopPlace:43067","stop_name":"Arcueil - Cachan","stop_lon":"2.328093276131277","stop_lat":"48.79869767228883","operatorname":"SNCF","shortname":"B","bookingrules":null,"mode":"RapidTransit","nom_commune":"Cachan","code_insee":"94016"}},{"type":"Feature","geometry":{"type":"Point","coordinates":[2.2979282159439305,48.781307920937515]},"properties":{"id":"IDFM:C01743","route_long_name":"B","stop_id":"IDFM:monomodalStopPlace:59206","stop_name":"Sceaux","stop_lon":"2.2979282159439305","stop_lat":"48.781307920937515","operatorname":"SNCF","shortname":"B","bookingrules":null,"mode":"RapidTransit","nom_commune":"Sceaux","code_insee":"92071"}},{"type":"Feature","geometry":{"type":"Point","coordinates":[2.281364769669608,48.78023982792202]},"properties":{"id":"IDFM:C01743","route_long_name":"B","stop_id":"IDFM:monomodalStopPlace:43186","stop_name":"Robinson","stop_lon":"2.281364769669608","stop_lat":"48.78023982792202","operatorname":"SNCF","shortname":"B","bookingrules":null,"mode":"RapidTransit","nom_commune":"Sceaux","code_insee":"92071"}},{"type":"Feature","geometry":{"type":"Point","coordinates":[2.2959559818374013,48.74304953436299]},"properties":{"id":"IDFM:C01743","route_long_name":"B","stop_id":"IDFM:monomodalStopPlace:43124","stop_name":"Fontaine Michalon","stop_lon":"2.2959559818374013","stop_lat":"48.74304953436299","operatorname":"SNCF","shortname":"B","bookingrules":null,"mode":"RapidTransit","nom_commune":"Antony","code_insee":"92002"}},{"type":"Feature","geometry":{"type":"Point","coordinates":[2.2587677282577334,48.72551907437078]},"properties":{"id":"IDFM:C01743","route_long_name":"B","stop_id":"IDFM:monomodalStopPlace:58774","stop_name":"Massy - Palaiseau","stop_lon":"2.2587677282577334","stop_lat":"48.72551907437078","operatorname":"SNCF","shortname":"B","bookingrules":null,"mode":"RapidTransit","nom_commune":"Massy","code_insee":"91377"}},{"type":"Feature","geometry":{"type":"Point","coordinates":[2.1808087044597166,48.6975077019159]},"properties":{"id":"IDFM:C01743","route_long_name":"B","stop_id":"IDFM:monomodalStopPlace:43086","stop_name":"Orsay - Ville","stop_lon":"2.1808087044597166","stop_lat":"48.6975077019159","operatorname":"SNCF","shortname":"B","bookingrules":null,"mode":"RapidTransit","nom_commune":"Orsay","code_insee":"91471"}},{"type":"Feature","geometry":{"type":"Point","coordinates":[2.1516106103390045,48.695299548452454]},"properties":{"id":"IDFM:C01743","route_long_name":"B","stop_id":"IDFM:monomodalStopPlace:47046","stop_name":"La Hacquini\u00e8re","stop_lon":"2.1516106103390045","stop_lat":"48.695299548452454","operatorname":"SNCF","shortname":"B","bookingrules":null,"mode":"RapidTransit","nom_commune":"Bures-sur-Yvette","code_insee":"91122"}},{"type":"Feature","geometry":{"type":"Point","coordinates":[2.2900778137432436,48.53290340283496]},"properties":{"id":"IDFM:C01727","route_long_name":"C","stop_id":"IDFM:monomodalStopPlace:47905","stop_name":"Bouray","stop_lon":"2.2900778137432436","stop_lat":"48.53290340283496","operatorname":"SNCF","shortname":"C","bookingrules":null,"mode":"RapidTransit","nom_commune":"Lardy","code_insee":"91330"}},{"type":"Feature","geometry":{"type":"Point","coordinates":[2.255014220399748,48.520620553497956]},"properties":{"id":"IDFM:C01727","route_long_name":"C","stop_id":"IDFM:monomodalStopPlace:43149","stop_name":"Lardy","stop_lon":"2.255014220399748","stop_lat":"48.520620553497956","operatorname":"SNCF","shortname":"C","bookingrules":null,"mode":"RapidTransit","nom_commune":"Lardy","code_insee":"91330"}},{"type":"Feature","geometry":{"type":"Point","coordinates":[2.145258831307165,48.42748765080825]},"properties":{"id":"IDFM:C01727","route_long_name":"C","stop_id":"IDFM:monomodalStopPlace:47115","stop_name":"Saint-Martin d'\u00c9tampes","stop_lon":"2.145258831307165","stop_lat":"48.42748765080825","operatorname":"SNCF","shortname":"C","bookingrules":null,"mode":"RapidTransit","nom_commune":"\u00c9tampes","code_insee":"91223"}},{"type":"Feature","geometry":{"type":"Point","coordinates":[2.273978779055319,48.7349579552114]},"properties":{"id":"IDFM:C01727","route_long_name":"C","stop_id":"IDFM:monomodalStopPlace:47940","stop_name":"Massy - Verri\u00e8res","stop_lon":"2.273978779055319","stop_lat":"48.7349579552114","operatorname":"SNCF","shortname":"C","bookingrules":null,"mode":"RapidTransit","nom_commune":"Massy","code_insee":"91377"}},{"type":"Feature","geometry":{"type":"Point","coordinates":[2.2704701876900395,48.83888336270874]},"properties":{"id":"IDFM:C01727","route_long_name":"C","stop_id":"IDFM:monomodalStopPlace:58798","stop_name":"Pont du Garigliano - H\u00f4pital Europ\u00e9en G. Pompidou","stop_lon":"2.2704701876900395","stop_lat":"48.83888336270874","operatorname":"SNCF","shortname":"C","bookingrules":null,"mode":"RapidTransit","nom_commune":"Paris","code_insee":"75056"}},{"type":"Feature","geometry":{"type":"Point","coordinates":[2.1249767315730463,48.550937745357075]},"properties":{"id":"IDFM:C01727","route_long_name":"C","stop_id":"IDFM:monomodalStopPlace:47952","stop_name":"Saint-Ch\u00e9ron","stop_lon":"2.1249767315730463","stop_lat":"48.550937745357075","operatorname":"SNCF","shortname":"C","bookingrules":null,"mode":"RapidTransit","nom_commune":"Saint-Ch\u00e9ron","code_insee":"91540"}},{"type":"Feature","geometry":{"type":"Point","coordinates":[2.1922487394356454,48.57760979436327]},"properties":{"id":"IDFM:C01727","route_long_name":"C","stop_id":"IDFM:monomodalStopPlace:47925","stop_name":"Breuillet - Bruy\u00e8res-le-Ch\u00e2tel","stop_lon":"2.1922487394356454","stop_lat":"48.57760979436327","operatorname":"SNCF","shortname":"C","bookingrules":null,"mode":"RapidTransit","nom_commune":"Breuillet","code_insee":"91105"}},{"type":"Feature","geometry":{"type":"Point","coordinates":[2.266215906699314,48.59111916474817]},"properties":{"id":"IDFM:C01727","route_long_name":"C","stop_id":"IDFM:monomodalStopPlace:47939","stop_name":"La Norville - Saint-Germain-l\u00e8s-Arpajon","stop_lon":"2.266215906699314","stop_lat":"48.59111916474817","operatorname":"SNCF","shortname":"C","bookingrules":null,"mode":"RapidTransit","nom_commune":"La Norville","code_insee":"91457"}},{"type":"Feature","geometry":{"type":"Point","coordinates":[2.105230857870794,49.04530690087292]},"properties":{"id":"IDFM:C01727","route_long_name":"C","stop_id":"IDFM:monomodalStopPlace:47599","stop_name":"Saint-Ouen-l'Aum\u00f4ne","stop_lon":"2.105230857870794","stop_lat":"49.04530690087292","operatorname":"SNCF","shortname":"C","bookingrules":null,"mode":"RapidTransit","nom_commune":"Saint-Ouen-l'Aum\u00f4ne","code_insee":"95572"}},{"type":"Feature","geometry":{"type":"Point","coordinates":[2.2341907839306554,48.99374640051787]},"properties":{"id":"IDFM:C01727","route_long_name":"C","stop_id":"IDFM:monomodalStopPlace:43126","stop_name":"Franconville - Le Plessis-Bouchard","stop_lon":"2.2341907839306554","stop_lat":"48.99374640051787","operatorname":"SNCF","shortname":"C","bookingrules":null,"mode":"RapidTransit","nom_commune":"Franconville","code_insee":"95252"}},{"type":"Feature","geometry":{"type":"Point","coordinates":[2.2707541014797794,48.98049890628609]},"properties":{"id":"IDFM:C01727","route_long_name":"C","stop_id":"IDFM:monomodalStopPlace:47898","stop_name":"Ermont - Eaubonne","stop_lon":"2.2707541014797794","stop_lat":"48.98049890628609","operatorname":"SNCF","shortname":"C","bookingrules":null,"mode":"RapidTransit","nom_commune":"Ermont","code_insee":"95219"}},{"type":"Feature","geometry":{"type":"Point","coordinates":[2.302388375122374,48.95382604164122]},"properties":{"id":"IDFM:C01727","route_long_name":"C","stop_id":"IDFM:monomodalStopPlace:43077","stop_name":"\u00c9pinay-sur-Seine","stop_lon":"2.302388375122374","stop_lat":"48.95382604164122","operatorname":"SNCF","shortname":"C","bookingrules":null,"mode":"RapidTransit","nom_commune":"\u00c9pinay-sur-Seine","code_insee":"93031"}},{"type":"Feature","geometry":{"type":"Point","coordinates":[2.322694729473372,48.90456082213364]},"properties":{"id":"IDFM:C01727","route_long_name":"C","stop_id":"IDFM:monomodalStopPlace:43203","stop_name":"Saint-Ouen","stop_lon":"2.322694729473372","stop_lat":"48.90456082213364","operatorname":"SNCF","shortname":"C","bookingrules":null,"mode":"RapidTransit","nom_commune":"Saint-Ouen-sur-Seine","code_insee":"93070"}},{"type":"Feature","geometry":{"type":"Point","coordinates":[2.279679454187814,48.85352548506894]},"properties":{"id":"IDFM:C01727","route_long_name":"C","stop_id":"IDFM:monomodalStopPlace:45419","stop_name":"Avenue du Pr\u00e9sident Kennedy Maison de Radio France","stop_lon":"2.279679454187814","stop_lat":"48.85352548506894","operatorname":"SNCF","shortname":"C","bookingrules":null,"mode":"RapidTransit","nom_commune":"Paris","code_insee":"75056"}},{"type":"Feature","geometry":{"type":"Point","coordinates":[2.40269438767449,48.80028105254759]},"properties":{"id":"IDFM:C01727","route_long_name":"C","stop_id":"IDFM:monomodalStopPlace:46375","stop_name":"Vitry-sur-Seine","stop_lon":"2.40269438767449","stop_lat":"48.80028105254759","operatorname":"SNCF","shortname":"C","bookingrules":null,"mode":"RapidTransit","nom_commune":"Vitry-sur-Seine","code_insee":"94081"}},{"type":"Feature","geometry":{"type":"Point","coordinates":[2.409587305033223,48.78248922625494]},"properties":{"id":"IDFM:C01727","route_long_name":"C","stop_id":"IDFM:monomodalStopPlace:43227","stop_name":"Les Ardoines","stop_lon":"2.409587305033223","stop_lat":"48.78248922625494","operatorname":"SNCF","shortname":"C","bookingrules":null,"mode":"RapidTransit","nom_commune":"Vitry-sur-Seine","code_insee":"94081"}},{"type":"Feature","geometry":{"type":"Point","coordinates":[2.4198671478914595,48.72578126379895]},"properties":{"id":"IDFM:C01727","route_long_name":"C","stop_id":"IDFM:monomodalStopPlace:46387","stop_name":"Ablon","stop_lon":"2.4198671478914595","stop_lat":"48.72578126379895","operatorname":"SNCF","shortname":"C","bookingrules":null,"mode":"RapidTransit","nom_commune":"Ablon-sur-Seine","code_insee":"94001"}},{"type":"Feature","geometry":{"type":"Point","coordinates":[2.383334629403869,48.68970940912314]},"properties":{"id":"IDFM:C01727","route_long_name":"C","stop_id":"IDFM:monomodalStopPlace:45739","stop_name":"Juvisy","stop_lon":"2.383334629403869","stop_lat":"48.68970940912314","operatorname":"SNCF","shortname":"C","bookingrules":null,"mode":"RapidTransit","nom_commune":"Juvisy-sur-Orge","code_insee":"91326"}},{"type":"Feature","geometry":{"type":"Point","coordinates":[2.3068029676156123,48.635615525211605]},"properties":{"id":"IDFM:C01727","route_long_name":"C","stop_id":"IDFM:monomodalStopPlace:43202","stop_name":"Saint-Michel-sur-Orge","stop_lon":"2.3068029676156123","stop_lat":"48.635615525211605","operatorname":"SNCF","shortname":"C","bookingrules":null,"mode":"RapidTransit","nom_commune":"Saint-Michel-sur-Orge","code_insee":"91570"}},{"type":"Feature","geometry":{"type":"Point","coordinates":[2.3019573828860596,48.60664906621052]},"properties":{"id":"IDFM:C01727","route_long_name":"C","stop_id":"IDFM:monomodalStopPlace:43098","stop_name":"Br\u00e9tigny","stop_lon":"2.3019573828860596","stop_lat":"48.60664906621052","operatorname":"SNCF","shortname":"C","bookingrules":null,"mode":"RapidTransit","nom_commune":"Br\u00e9tigny-sur-Orge","code_insee":"91103"}},{"type":"Feature","geometry":{"type":"Point","coordinates":[2.5994097381795305,48.51507609100275]},"properties":{"id":"IDFM:C01728","route_long_name":"D","stop_id":"IDFM:monomodalStopPlace:47967","stop_name":"Vosves","stop_lon":"2.5994097381795305","stop_lat":"48.51507609100275","operatorname":"SNCF","shortname":"D","bookingrules":null,"mode":"RapidTransit","nom_commune":"Dammarie-les-Lys","code_insee":"77152"}},{"type":"Feature","geometry":{"type":"Point","coordinates":[2.4795222910084975,48.57358727886637]},"properties":{"id":"IDFM:C01728","route_long_name":"D","stop_id":"IDFM:monomodalStopPlace:45820","stop_name":"Le Plessis Chenet","stop_lon":"2.4795222910084975","stop_lat":"48.57358727886637","operatorname":"SNCF","shortname":"D","bookingrules":null,"mode":"RapidTransit","nom_commune":"Le Coudray-Montceaux","code_insee":"91179"}},{"type":"Feature","geometry":{"type":"Point","coordinates":[2.461533386360794,48.592814943454]},"properties":{"id":"IDFM:C01728","route_long_name":"D","stop_id":"IDFM:monomodalStopPlace:47904","stop_name":"Villab\u00e9","stop_lon":"2.461533386360794","stop_lat":"48.592814943454","operatorname":"SNCF","shortname":"D","bookingrules":null,"mode":"RapidTransit","nom_commune":"Villab\u00e9","code_insee":"91659"}},{"type":"Feature","geometry":{"type":"Point","coordinates":[2.489862086302069,49.13840546145438]},"properties":{"id":"IDFM:C01728","route_long_name":"D","stop_id":"IDFM:monomodalStopPlace:411421","stop_name":"Orry-la-Ville - Coye","stop_lon":"2.489862086302069","stop_lat":"49.13840546145438","operatorname":"SNCF","shortname":"D","bookingrules":null,"mode":"RapidTransit","nom_commune":"Orry-la-Ville","code_insee":"60482"}},{"type":"Feature","geometry":{"type":"Point","coordinates":[2.473444919964576,48.58688228073328]},"properties":{"id":"IDFM:C01728","route_long_name":"D","stop_id":"IDFM:monomodalStopPlace:45761","stop_name":"Moulin Galant","stop_lon":"2.473444919964576","stop_lat":"48.58688228073328","operatorname":"SNCF","shortname":"D","bookingrules":null,"mode":"RapidTransit","nom_commune":"Corbeil-Essonnes","code_insee":"91174"}},{"type":"Feature","geometry":{"type":"Point","coordinates":[2.4319348900260658,48.57054850948166]},"properties":{"id":"IDFM:C01728","route_long_name":"D","stop_id":"IDFM:monomodalStopPlace:47899","stop_name":"Mennecy","stop_lon":"2.4319348900260658","stop_lat":"48.57054850948166","operatorname":"SNCF","shortname":"D","bookingrules":null,"mode":"RapidTransit","nom_commune":"Mennecy","code_insee":"91386"}},{"type":"Feature","geometry":{"type":"Point","coordinates":[2.3872541083159335,48.37149489082515]},"properties":{"id":"IDFM:C01728","route_long_name":"D","stop_id":"IDFM:monomodalStopPlace:43102","stop_name":"Buno - Gironville","stop_lon":"2.3872541083159335","stop_lat":"48.37149489082515","operatorname":"SNCF","shortname":"D","bookingrules":null,"mode":"RapidTransit","nom_commune":"Buno-Bonnevaux","code_insee":"91121"}},{"type":"Feature","geometry":{"type":"Point","coordinates":[2.6255537322060074,48.538746730738936]},"properties":{"id":"IDFM:C01728","route_long_name":"D","stop_id":"IDFM:monomodalStopPlace:45784","stop_name":"Le M\u00e9e","stop_lon":"2.6255537322060074","stop_lat":"48.538746730738936","operatorname":"SNCF","shortname":"D","bookingrules":null,"mode":"RapidTransit","nom_commune":"Le M\u00e9e-sur-Seine","code_insee":"77285"}},{"type":"Feature","geometry":{"type":"Point","coordinates":[2.5839359760934313,48.59548998563483]},"properties":{"id":"IDFM:C01728","route_long_name":"D","stop_id":"IDFM:monomodalStopPlace:47665","stop_name":"Savigny-le-Temple - Nandy","stop_lon":"2.5839359760934313","stop_lat":"48.59548998563483","operatorname":"SNCF","shortname":"D","bookingrules":null,"mode":"RapidTransit","nom_commune":"Savigny-le-Temple","code_insee":"77445"}},{"type":"Feature","geometry":{"type":"Point","coordinates":[2.5476998823085504,48.667819721800015]},"properties":{"id":"IDFM:C01728","route_long_name":"D","stop_id":"IDFM:monomodalStopPlace:45771","stop_name":"Combs-la-Ville - Quincy","stop_lon":"2.5476998823085504","stop_lat":"48.667819721800015","operatorname":"SNCF","shortname":"D","bookingrules":null,"mode":"RapidTransit","nom_commune":"Combs-la-Ville","code_insee":"77122"}},{"type":"Feature","geometry":{"type":"Point","coordinates":[2.533195809235637,48.68087387117553]},"properties":{"id":"IDFM:C01728","route_long_name":"D","stop_id":"IDFM:monomodalStopPlace:47924","stop_name":"Boussy-Saint-Antoine","stop_lon":"2.533195809235637","stop_lat":"48.68087387117553","operatorname":"SNCF","shortname":"D","bookingrules":null,"mode":"RapidTransit","nom_commune":"Boussy-Saint-Antoine","code_insee":"91097"}},{"type":"Feature","geometry":{"type":"Point","coordinates":[2.376365660931201,48.84340211646564]},"properties":{"id":"IDFM:C01728","route_long_name":"D","stop_id":"IDFM:monomodalStopPlace:470195","stop_name":"Gare de Lyon","stop_lon":"2.376365660931201","stop_lat":"48.84340211646564","operatorname":"SNCF","shortname":"D","bookingrules":null,"mode":"RapidTransit","nom_commune":"Paris","code_insee":"75056"}},{"type":"Feature","geometry":{"type":"Point","coordinates":[2.414997460834355,48.659057463386254]},"properties":{"id":"IDFM:C01728","route_long_name":"D","stop_id":"IDFM:monomodalStopPlace:47948","stop_name":"Ris-Orangis","stop_lon":"2.414997460834355","stop_lat":"48.659057463386254","operatorname":"SNCF","shortname":"D","bookingrules":null,"mode":"RapidTransit","nom_commune":"Ris-Orangis","code_insee":"91521"}},{"type":"Feature","geometry":{"type":"Point","coordinates":[2.4811863962676766,48.88258632328664]},"properties":{"id":"IDFM:C01729","route_long_name":"E","stop_id":"IDFM:monomodalStopPlace:42356","stop_name":"Rosny Bois Perrier","stop_lon":"2.4811863962676766","stop_lat":"48.88258632328664","operatorname":"SNCF","shortname":"E","bookingrules":null,"mode":"RapidTransit","nom_commune":"Rosny-sous-Bois","code_insee":"93064"}},{"type":"Feature","geometry":{"type":"Point","coordinates":[2.511990843607618,48.82486398816196]},"properties":{"id":"IDFM:C01729","route_long_name":"E","stop_id":"IDFM:monomodalStopPlace:58267","stop_name":"Les Boullereaux Champigny","stop_lon":"2.511990843607618","stop_lat":"48.82486398816196","operatorname":"SNCF","shortname":"E","bookingrules":null,"mode":"RapidTransit","nom_commune":"Champigny-sur-Marne","code_insee":"94017"}},{"type":"Feature","geometry":{"type":"Point","coordinates":[2.618502939849115,48.80587944608123]},"properties":{"id":"IDFM:C01729","route_long_name":"E","stop_id":"IDFM:monomodalStopPlace:43074","stop_name":"\u00c9merainville - Pontault-Combault","stop_lon":"2.618502939849115","stop_lat":"48.80587944608123","operatorname":"SNCF","shortname":"E","bookingrules":null,"mode":"RapidTransit","nom_commune":"\u00c9merainville","code_insee":"77169"}},{"type":"Feature","geometry":{"type":"Point","coordinates":[2.690116190500944,48.77076716837013]},"properties":{"id":"IDFM:C01729","route_long_name":"E","stop_id":"IDFM:monomodalStopPlace:462901","stop_name":"Ozoir-la-Ferri\u00e8re","stop_lon":"2.690116190500944","stop_lat":"48.77076716837013","operatorname":"SNCF","shortname":"E","bookingrules":null,"mode":"RapidTransit","nom_commune":"Ozoir-la-Ferri\u00e8re","code_insee":"77350"}},{"type":"Feature","geometry":{"type":"Point","coordinates":[2.284217509613705,48.878347804048644]},"properties":{"id":"IDFM:C01729","route_long_name":"E","stop_id":"IDFM:monomodalStopPlace:415093","stop_name":"Neuilly - Porte Maillot","stop_lon":"2.284217509613705","stop_lat":"48.878347804048644","operatorname":"SNCF","shortname":"E","bookingrules":null,"mode":"RapidTransit","nom_commune":"Paris","code_insee":"75056"}},{"type":"Feature","geometry":{"type":"Point","coordinates":[2.5130610056844116,48.8888544132907]},"properties":{"id":"IDFM:C01729","route_long_name":"E","stop_id":"IDFM:monomodalStopPlace:47901","stop_name":"Le Raincy - Villemomble - Montfermeil","stop_lon":"2.5130610056844116","stop_lat":"48.8888544132907","operatorname":"SNCF","shortname":"E","bookingrules":null,"mode":"RapidTransit","nom_commune":"Villemomble","code_insee":"93077"}},{"type":"Feature","geometry":{"type":"Point","coordinates":[2.1343339900216813,48.89013759185911]},"properties":{"id":"IDFM:C01742","route_long_name":"A","stop_id":"IDFM:monomodalStopPlace:53784","stop_name":"Le V\u00e9sinet - Centre","stop_lon":"2.1343339900216813","stop_lat":"48.89013759185911","operatorname":"SNCF","shortname":"A","bookingrules":null,"mode":"RapidTransit","nom_commune":"Le V\u00e9sinet","code_insee":"78650"}},{"type":"Feature","geometry":{"type":"Point","coordinates":[2.510538043646919,48.80682309456137]},"properties":{"id":"IDFM:C01742","route_long_name":"A","stop_id":"IDFM:monomodalStopPlace:58270","stop_name":"Champigny","stop_lon":"2.510538043646919","stop_lat":"48.80682309456137","operatorname":"SNCF","shortname":"A","bookingrules":null,"mode":"RapidTransit","nom_commune":"Saint-Maur-des-Foss\u00e9s","code_insee":"94068"}},{"type":"Feature","geometry":{"type":"Point","coordinates":[2.7824826512673546,48.86979506673141]},"properties":{"id":"IDFM:C01742","route_long_name":"A","stop_id":"IDFM:monomodalStopPlace:43239","stop_name":"Marne-la-Vall\u00e9e - Chessy","stop_lon":"2.7824826512673546","stop_lat":"48.86979506673141","operatorname":"SNCF","shortname":"A","bookingrules":null,"mode":"RapidTransit","nom_commune":"Chessy","code_insee":"77111"}},{"type":"Feature","geometry":{"type":"Point","coordinates":[2.616660606000051,48.84351408493866]},"properties":{"id":"IDFM:C01742","route_long_name":"A","stop_id":"IDFM:monomodalStopPlace:44199","stop_name":"Noisiel","stop_lon":"2.616660606000051","stop_lat":"48.84351408493866","operatorname":"SNCF","shortname":"A","bookingrules":null,"mode":"RapidTransit","nom_commune":"Noisiel","code_insee":"77337"}},{"type":"Feature","geometry":{"type":"Point","coordinates":[2.4890536307751616,48.85424654032024]},"properties":{"id":"IDFM:C01742","route_long_name":"A","stop_id":"IDFM:monomodalStopPlace:47900","stop_name":"Val de Fontenay","stop_lon":"2.4890536307751616","stop_lat":"48.85424654032024","operatorname":"SNCF","shortname":"A","bookingrules":null,"mode":"RapidTransit","nom_commune":"Fontenay-sous-Bois","code_insee":"94033"}},{"type":"Feature","geometry":{"type":"Point","coordinates":[2.295231447641207,48.874172759565376]},"properties":{"id":"IDFM:C01742","route_long_name":"A","stop_id":"IDFM:monomodalStopPlace:58759","stop_name":"Charles de Gaulle - \u00c9toile","stop_lon":"2.295231447641207","stop_lat":"48.874172759565376","operatorname":"SNCF","shortname":"A","bookingrules":null,"mode":"RapidTransit","nom_commune":"Paris","code_insee":"75056"}},{"type":"Feature","geometry":{"type":"Point","coordinates":[2.238418596250407,48.892229801568206]},"properties":{"id":"IDFM:C01742","route_long_name":"A","stop_id":"IDFM:monomodalStopPlace:470549","stop_name":"La D\u00e9fense","stop_lon":"2.238418596250407","stop_lat":"48.892229801568206","operatorname":"SNCF","shortname":"A","bookingrules":null,"mode":"RapidTransit","nom_commune":"Puteaux","code_insee":"92062"}},{"type":"Feature","geometry":{"type":"Point","coordinates":[2.2229862429913676,48.895886773064674]},"properties":{"id":"IDFM:C01742","route_long_name":"A","stop_id":"IDFM:monomodalStopPlace:43169","stop_name":"Nanterre - Pr\u00e9fecture","stop_lon":"2.2229862429913676","stop_lat":"48.895886773064674","operatorname":"SNCF","shortname":"A","bookingrules":null,"mode":"RapidTransit","nom_commune":"Nanterre","code_insee":"92050"}},{"type":"Feature","geometry":{"type":"Point","coordinates":[2.0746499245710193,48.991156287258484]},"properties":{"id":"IDFM:C01742","route_long_name":"A","stop_id":"IDFM:monomodalStopPlace:43114","stop_name":"Conflans Fin d'Oise","stop_lon":"2.0746499245710193","stop_lat":"48.991156287258484","operatorname":"SNCF","shortname":"A","bookingrules":null,"mode":"RapidTransit","nom_commune":"Conflans-Sainte-Honorine","code_insee":"78172"}},{"type":"Feature","geometry":{"type":"Point","coordinates":[2.078348820578231,49.01374275942672]},"properties":{"id":"IDFM:C01742","route_long_name":"A","stop_id":"IDFM:monomodalStopPlace:47879","stop_name":"Neuville - Universit\u00e9","stop_lon":"2.078348820578231","stop_lat":"49.01374275942672","operatorname":"SNCF","shortname":"A","bookingrules":null,"mode":"RapidTransit","nom_commune":"Neuville-sur-Oise","code_insee":"95450"}},{"type":"Feature","geometry":{"type":"Point","coordinates":[2.5663968806983126,48.944091645418105]},"properties":{"id":"IDFM:C01743","route_long_name":"B","stop_id":"IDFM:monomodalStopPlace:46222","stop_name":"Vert-Galant","stop_lon":"2.5663968806983126","stop_lat":"48.944091645418105","operatorname":"SNCF","shortname":"B","bookingrules":null,"mode":"RapidTransit","nom_commune":"Villepinte","code_insee":"93078"}},{"type":"Feature","geometry":{"type":"Point","coordinates":[2.6422341369736606,48.9757479508066]},"properties":{"id":"IDFM:C01743","route_long_name":"B","stop_id":"IDFM:monomodalStopPlace:43164","stop_name":"Mitry - Claye","stop_lon":"2.6422341369736606","stop_lat":"48.9757479508066","operatorname":"SNCF","shortname":"B","bookingrules":null,"mode":"RapidTransit","nom_commune":"Mitry-Mory","code_insee":"77294"}},{"type":"Feature","geometry":{"type":"Point","coordinates":[2.5614121946317394,49.00979397116337]},"properties":{"id":"IDFM:C01743","route_long_name":"B","stop_id":"IDFM:monomodalStopPlace:462398","stop_name":"A\u00e9roport CDG 1 (Terminal 3) - RER","stop_lon":"2.5614121946317394","stop_lat":"49.00979397116337","operatorname":"SNCF","shortname":"B","bookingrules":null,"mode":"RapidTransit","nom_commune":"Tremblay-en-France","code_insee":"93073"}},{"type":"Feature","geometry":{"type":"Point","coordinates":[2.5145512908225953,48.97356812654279]},"properties":{"id":"IDFM:C01743","route_long_name":"B","stop_id":"IDFM:monomodalStopPlace:47878","stop_name":"Parc des Expositions","stop_lon":"2.5145512908225953","stop_lat":"48.97356812654279","operatorname":"SNCF","shortname":"B","bookingrules":null,"mode":"RapidTransit","nom_commune":"Villepinte","code_insee":"93078"}},{"type":"Feature","geometry":{"type":"Point","coordinates":[2.5247262164471342,48.94700236504643]},"properties":{"id":"IDFM:C01743","route_long_name":"B","stop_id":"IDFM:monomodalStopPlace:43193","stop_name":"Sevran - Beaudottes","stop_lon":"2.5247262164471342","stop_lat":"48.94700236504643","operatorname":"SNCF","shortname":"B","bookingrules":null,"mode":"RapidTransit","nom_commune":"Sevran","code_insee":"93071"}},{"type":"Feature","geometry":{"type":"Point","coordinates":[2.356693437528564,48.88230685842714]},"properties":{"id":"IDFM:C01743","route_long_name":"B","stop_id":"IDFM:monomodalStopPlace:462394","stop_name":"Gare du Nord","stop_lon":"2.356693437528564","stop_lat":"48.88230685842714","operatorname":"SNCF","shortname":"B","bookingrules":null,"mode":"RapidTransit","nom_commune":"Paris","code_insee":"75056"}},{"type":"Feature","geometry":{"type":"Point","coordinates":[2.3371383995944486,48.840064350218256]},"properties":{"id":"IDFM:C01743","route_long_name":"B","stop_id":"IDFM:monomodalStopPlace:44500","stop_name":"Port Royal","stop_lon":"2.3371383995944486","stop_lat":"48.840064350218256","operatorname":"SNCF","shortname":"B","bookingrules":null,"mode":"RapidTransit","nom_commune":"Paris","code_insee":"75056"}},{"type":"Feature","geometry":{"type":"Point","coordinates":[2.340926830790754,48.815228092611335]},"properties":{"id":"IDFM:C01743","route_long_name":"B","stop_id":"IDFM:monomodalStopPlace:45877","stop_name":"Gentilly","stop_lon":"2.340926830790754","stop_lat":"48.815228092611335","operatorname":"SNCF","shortname":"B","bookingrules":null,"mode":"RapidTransit","nom_commune":"Gentilly","code_insee":"94037"}},{"type":"Feature","geometry":{"type":"Point","coordinates":[2.312278311834309,48.78026436884244]},"properties":{"id":"IDFM:C01743","route_long_name":"B","stop_id":"IDFM:monomodalStopPlace:43097","stop_name":"Bourg-la-Reine","stop_lon":"2.312278311834309","stop_lat":"48.78026436884244","operatorname":"SNCF","shortname":"B","bookingrules":null,"mode":"RapidTransit","nom_commune":"Bourg-la-Reine","code_insee":"92014"}},{"type":"Feature","geometry":{"type":"Point","coordinates":[2.309934691589042,48.769718949712896]},"properties":{"id":"IDFM:C01743","route_long_name":"B","stop_id":"IDFM:monomodalStopPlace:43177","stop_name":"Parc de Sceaux","stop_lon":"2.309934691589042","stop_lat":"48.769718949712896","operatorname":"SNCF","shortname":"B","bookingrules":null,"mode":"RapidTransit","nom_commune":"Antony","code_insee":"92002"}},{"type":"Feature","geometry":{"type":"Point","coordinates":[2.300890371505836,48.754632057173126]},"properties":{"id":"IDFM:C01743","route_long_name":"B","stop_id":"IDFM:monomodalStopPlace:43066","stop_name":"Antony","stop_lon":"2.300890371505836","stop_lat":"48.754632057173126","operatorname":"SNCF","shortname":"B","bookingrules":null,"mode":"RapidTransit","nom_commune":"Antony","code_insee":"92002"}},{"type":"Feature","geometry":{"type":"Point","coordinates":[2.24558429554376,48.71686524330362]},"properties":{"id":"IDFM:C01743","route_long_name":"B","stop_id":"IDFM:monomodalStopPlace:47009","stop_name":"Palaiseau","stop_lon":"2.24558429554376","stop_lat":"48.71686524330362","operatorname":"SNCF","shortname":"B","bookingrules":null,"mode":"RapidTransit","nom_commune":"Palaiseau","code_insee":"91477"}},{"type":"Feature","geometry":{"type":"Point","coordinates":[2.159819133907717,48.437062675829104]},"properties":{"id":"IDFM:C01727","route_long_name":"C","stop_id":"IDFM:monomodalStopPlace:43080","stop_name":"\u00c9tampes","stop_lon":"2.159819133907717","stop_lat":"48.437062675829104","operatorname":"SNCF","shortname":"C","bookingrules":null,"mode":"RapidTransit","nom_commune":"\u00c9tampes","code_insee":"91223"}},{"type":"Feature","geometry":{"type":"Point","coordinates":[2.4030548924063897,48.74163230680523]},"properties":{"id":"IDFM:C01727","route_long_name":"C","stop_id":"IDFM:monomodalStopPlace:46299","stop_name":"Orly Ville","stop_lon":"2.4030548924063897","stop_lat":"48.74163230680523","operatorname":"SNCF","shortname":"C","bookingrules":null,"mode":"RapidTransit","nom_commune":"Orly","code_insee":"94054"}},{"type":"Feature","geometry":{"type":"Point","coordinates":[2.373209854795934,48.74834625868034]},"properties":{"id":"IDFM:C01727","route_long_name":"C","stop_id":"IDFM:monomodalStopPlace:47907","stop_name":"Pont de Rungis A\u00e9roport d'Orly","stop_lon":"2.373209854795934","stop_lat":"48.74834625868034","operatorname":"SNCF","shortname":"C","bookingrules":null,"mode":"RapidTransit","nom_commune":"Thiais","code_insee":"94073"}},{"type":"Feature","geometry":{"type":"Point","coordinates":[2.3126496863919335,48.747936542587276]},"properties":{"id":"IDFM:C01727","route_long_name":"C","stop_id":"IDFM:monomodalStopPlace:46035","stop_name":"Chemin d'Antony","stop_lon":"2.3126496863919335","stop_lat":"48.747936542587276","operatorname":"SNCF","shortname":"C","bookingrules":null,"mode":"RapidTransit","nom_commune":"Antony","code_insee":"92002"}},{"type":"Feature","geometry":{"type":"Point","coordinates":[2.1834187943404744,48.79968116446791]},"properties":{"id":"IDFM:C01727","route_long_name":"C","stop_id":"IDFM:monomodalStopPlace:47883","stop_name":"Chaville - V\u00e9lizy","stop_lon":"2.1834187943404744","stop_lat":"48.79968116446791","operatorname":"SNCF","shortname":"C","bookingrules":null,"mode":"RapidTransit","nom_commune":"Viroflay","code_insee":"78686"}},{"type":"Feature","geometry":{"type":"Point","coordinates":[2.2409419171683633,48.807552358196936]},"properties":{"id":"IDFM:C01727","route_long_name":"C","stop_id":"IDFM:monomodalStopPlace:43163","stop_name":"Meudon Val Fleury","stop_lon":"2.2409419171683633","stop_lat":"48.807552358196936","operatorname":"SNCF","shortname":"C","bookingrules":null,"mode":"RapidTransit","nom_commune":"Meudon","code_insee":"92048"}},{"type":"Feature","geometry":{"type":"Point","coordinates":[2.27803679359566,48.84716158046345]},"properties":{"id":"IDFM:C01727","route_long_name":"C","stop_id":"IDFM:monomodalStopPlace:45346","stop_name":"Javel","stop_lon":"2.27803679359566","stop_lat":"48.84716158046345","operatorname":"SNCF","shortname":"C","bookingrules":null,"mode":"RapidTransit","nom_commune":"Paris","code_insee":"75056"}},{"type":"Feature","geometry":{"type":"Point","coordinates":[2.008756915662106,48.53376051220457]},"properties":{"id":"IDFM:C01727","route_long_name":"C","stop_id":"IDFM:monomodalStopPlace:43121","stop_name":"Dourdan","stop_lon":"2.008756915662106","stop_lat":"48.53376051220457","operatorname":"SNCF","shortname":"C","bookingrules":null,"mode":"RapidTransit","nom_commune":"Dourdan","code_insee":"91200"}},{"type":"Feature","geometry":{"type":"Point","coordinates":[2.285777828585351,48.963658273529425]},"properties":{"id":"IDFM:C01727","route_long_name":"C","stop_id":"IDFM:monomodalStopPlace:43201","stop_name":"Saint-Gratien","stop_lon":"2.285777828585351","stop_lat":"48.963658273529425","operatorname":"SNCF","shortname":"C","bookingrules":null,"mode":"RapidTransit","nom_commune":"Saint-Gratien","code_insee":"95555"}},{"type":"Feature","geometry":{"type":"Point","coordinates":[2.2722351438875577,48.86545537297977]},"properties":{"id":"IDFM:C01727","route_long_name":"C","stop_id":"IDFM:monomodalStopPlace:45447","stop_name":"Avenue Henri Martin","stop_lon":"2.2722351438875577","stop_lat":"48.86545537297977","operatorname":"SNCF","shortname":"C","bookingrules":null,"mode":"RapidTransit","nom_commune":"Paris","code_insee":"75056"}},{"type":"Feature","geometry":{"type":"Point","coordinates":[2.2896562493865478,48.8564765666592]},"properties":{"id":"IDFM:C01727","route_long_name":"C","stop_id":"IDFM:monomodalStopPlace:58757","stop_name":"Champ de Mars Tour Eiffel","stop_lon":"2.2896562493865478","stop_lat":"48.8564765666592","operatorname":"SNCF","shortname":"C","bookingrules":null,"mode":"RapidTransit","nom_commune":"Paris","code_insee":"75056"}},{"type":"Feature","geometry":{"type":"Point","coordinates":[2.326623034830927,48.860365575927474]},"properties":{"id":"IDFM:C01727","route_long_name":"C","stop_id":"IDFM:monomodalStopPlace:45705","stop_name":"Mus\u00e9e d'Orsay","stop_lon":"2.326623034830927","stop_lat":"48.860365575927474","operatorname":"SNCF","shortname":"C","bookingrules":null,"mode":"RapidTransit","nom_commune":"Paris","code_insee":"75056"}},{"type":"Feature","geometry":{"type":"Point","coordinates":[2.391677280020743,48.8139591342409]},"properties":{"id":"IDFM:C01727","route_long_name":"C","stop_id":"IDFM:monomodalStopPlace:46366","stop_name":"Ivry-sur-Seine","stop_lon":"2.391677280020743","stop_lat":"48.8139591342409","operatorname":"SNCF","shortname":"C","bookingrules":null,"mode":"RapidTransit","nom_commune":"Ivry-sur-Seine","code_insee":"94041"}},{"type":"Feature","geometry":{"type":"Point","coordinates":[2.426423645047488,48.73968685807613]},"properties":{"id":"IDFM:C01727","route_long_name":"C","stop_id":"IDFM:monomodalStopPlace:46307","stop_name":"Villeneuve-le-Roi","stop_lon":"2.426423645047488","stop_lat":"48.73968685807613","operatorname":"SNCF","shortname":"C","bookingrules":null,"mode":"RapidTransit","nom_commune":"Villeneuve-le-Roi","code_insee":"94077"}},{"type":"Feature","geometry":{"type":"Point","coordinates":[2.3523541804056833,48.67639468866699]},"properties":{"id":"IDFM:C01727","route_long_name":"C","stop_id":"IDFM:monomodalStopPlace:43192","stop_name":"Savigny-sur-Orge","stop_lon":"2.3523541804056833","stop_lat":"48.67639468866699","operatorname":"SNCF","shortname":"C","bookingrules":null,"mode":"RapidTransit","nom_commune":"Savigny-sur-Orge","code_insee":"91589"}},{"type":"Feature","geometry":{"type":"Point","coordinates":[2.46892902764167,49.264185555044406]},"properties":{"id":"IDFM:C01728","route_long_name":"D","stop_id":"IDFM:monomodalStopPlace:411440","stop_name":"Creil","stop_lon":"2.46892902764167","stop_lat":"49.264185555044406","operatorname":"SNCF","shortname":"D","bookingrules":null,"mode":"RapidTransit","nom_commune":"Creil","code_insee":"60175"}},{"type":"Feature","geometry":{"type":"Point","coordinates":[2.4595159140085237,49.187030004663995]},"properties":{"id":"IDFM:C01728","route_long_name":"D","stop_id":"IDFM:monomodalStopPlace:411428","stop_name":"Chantilly - Gouvieux","stop_lon":"2.4595159140085237","stop_lat":"49.187030004663995","operatorname":"SNCF","shortname":"D","bookingrules":null,"mode":"RapidTransit","nom_commune":"Chantilly","code_insee":"60141"}},{"type":"Feature","geometry":{"type":"Point","coordinates":[2.525517836696695,49.09951161811565]},"properties":{"id":"IDFM:C01728","route_long_name":"D","stop_id":"IDFM:monomodalStopPlace:47958","stop_name":"Survilliers - Fosses","stop_lon":"2.525517836696695","stop_lat":"49.09951161811565","operatorname":"SNCF","shortname":"D","bookingrules":null,"mode":"RapidTransit","nom_commune":"Fosses","code_insee":"95250"}},{"type":"Feature","geometry":{"type":"Point","coordinates":[2.5018113143714777,49.04933726826723]},"properties":{"id":"IDFM:C01728","route_long_name":"D","stop_id":"IDFM:monomodalStopPlace:44628","stop_name":"Louvres","stop_lon":"2.5018113143714777","stop_lat":"49.04933726826723","operatorname":"SNCF","shortname":"D","bookingrules":null,"mode":"RapidTransit","nom_commune":"Louvres","code_insee":"95351"}},{"type":"Feature","geometry":{"type":"Point","coordinates":[2.477713962139221,49.03307204384692]},"properties":{"id":"IDFM:C01728","route_long_name":"D","stop_id":"IDFM:monomodalStopPlace:47968","stop_name":"Les Noues","stop_lon":"2.477713962139221","stop_lat":"49.03307204384692","operatorname":"SNCF","shortname":"D","bookingrules":null,"mode":"RapidTransit","nom_commune":"Goussainville","code_insee":"95280"}},{"type":"Feature","geometry":{"type":"Point","coordinates":[2.352260197381972,48.4855007310595]},"properties":{"id":"IDFM:C01728","route_long_name":"D","stop_id":"IDFM:monomodalStopPlace:43142","stop_name":"La Fert\u00e9-Alais","stop_lon":"2.352260197381972","stop_lat":"48.4855007310595","operatorname":"SNCF","shortname":"D","bookingrules":null,"mode":"RapidTransit","nom_commune":"Baulne","code_insee":"91047"}},{"type":"Feature","geometry":{"type":"Point","coordinates":[2.378618440416535,48.341208632507616]},"properties":{"id":"IDFM:C01728","route_long_name":"D","stop_id":"IDFM:monomodalStopPlace:43092","stop_name":"Boigneville","stop_lon":"2.378618440416535","stop_lat":"48.341208632507616","operatorname":"SNCF","shortname":"D","bookingrules":null,"mode":"RapidTransit","nom_commune":"Boigneville","code_insee":"91069"}},{"type":"Feature","geometry":{"type":"Point","coordinates":[2.4300329095214526,48.62588794663492]},"properties":{"id":"IDFM:C01728","route_long_name":"D","stop_id":"IDFM:monomodalStopPlace:47906","stop_name":"\u00c9vry - Courcouronnes","stop_lon":"2.4300329095214526","stop_lat":"48.62588794663492","operatorname":"SNCF","shortname":"D","bookingrules":null,"mode":"RapidTransit","nom_commune":"\u00c9vry-Courcouronnes","code_insee":"91228"}},{"type":"Feature","geometry":{"type":"Point","coordinates":[2.40769076622141,48.6363396147683]},"properties":{"id":"IDFM:C01728","route_long_name":"D","stop_id":"IDFM:monomodalStopPlace:48489","stop_name":"Orangis Bois de l'\u00c9pine","stop_lon":"2.40769076622141","stop_lat":"48.6363396147683","operatorname":"SNCF","shortname":"D","bookingrules":null,"mode":"RapidTransit","nom_commune":"Ris-Orangis","code_insee":"91521"}},{"type":"Feature","geometry":{"type":"Point","coordinates":[2.4162467958973055,48.99377204005172]},"properties":{"id":"IDFM:C01728","route_long_name":"D","stop_id":"IDFM:monomodalStopPlace:43222","stop_name":"Villiers-le-Bel - Gonesse - Arnouville","stop_lon":"2.4162467958973055","stop_lat":"48.99377204005172","operatorname":"SNCF","shortname":"D","bookingrules":null,"mode":"RapidTransit","nom_commune":"Arnouville","code_insee":"95019"}},{"type":"Feature","geometry":{"type":"Point","coordinates":[2.345479004987329,48.93482889939617]},"properties":{"id":"IDFM:C01728","route_long_name":"D","stop_id":"IDFM:monomodalStopPlace:412743","stop_name":"Saint-Denis","stop_lon":"2.345479004987329","stop_lat":"48.93482889939617","operatorname":"SNCF","shortname":"D","bookingrules":null,"mode":"RapidTransit","nom_commune":"Saint-Denis","code_insee":"93066"}},{"type":"Feature","geometry":{"type":"Point","coordinates":[2.34697651043533,48.86174503191322]},"properties":{"id":"IDFM:C01728","route_long_name":"D","stop_id":"IDFM:monomodalStopPlace:45102","stop_name":"Ch\u00e2telet - Les Halles","stop_lon":"2.34697651043533","stop_lat":"48.86174503191322","operatorname":"SNCF","shortname":"D","bookingrules":null,"mode":"RapidTransit","nom_commune":"Paris","code_insee":"75056"}},{"type":"Feature","geometry":{"type":"Point","coordinates":[2.446304786739812,48.730080267741016]},"properties":{"id":"IDFM:C01728","route_long_name":"D","stop_id":"IDFM:monomodalStopPlace:45067","stop_name":"Villeneuve-Saint-Georges","stop_lon":"2.446304786739812","stop_lat":"48.730080267741016","operatorname":"SNCF","shortname":"D","bookingrules":null,"mode":"RapidTransit","nom_commune":"Villeneuve-Saint-Georges","code_insee":"94078"}},{"type":"Feature","geometry":{"type":"Point","coordinates":[2.4348387319350167,48.64880840591746]},"properties":{"id":"IDFM:C01728","route_long_name":"D","stop_id":"IDFM:monomodalStopPlace:45860","stop_name":"Grand Bourg","stop_lon":"2.4348387319350167","stop_lat":"48.64880840591746","operatorname":"SNCF","shortname":"D","bookingrules":null,"mode":"RapidTransit","nom_commune":"Ris-Orangis","code_insee":"91521"}},{"type":"Feature","geometry":{"type":"Point","coordinates":[2.4939549579206104,48.839991175687295]},"properties":{"id":"IDFM:C01729","route_long_name":"E","stop_id":"IDFM:monomodalStopPlace:46552","stop_name":"Nogent - Le Perreux","stop_lon":"2.4939549579206104","stop_lat":"48.839991175687295","operatorname":"SNCF","shortname":"E","bookingrules":null,"mode":"RapidTransit","nom_commune":"Nogent-sur-Marne","code_insee":"94052"}},{"type":"Feature","geometry":{"type":"Point","coordinates":[2.238418596250407,48.892229801568206]},"properties":{"id":"IDFM:C01729","route_long_name":"E","stop_id":"IDFM:monomodalStopPlace:470549","stop_name":"La D\u00e9fense","stop_lon":"2.238418596250407","stop_lat":"48.892229801568206","operatorname":"SNCF","shortname":"E","bookingrules":null,"mode":"RapidTransit","nom_commune":"Puteaux","code_insee":"92062"}},{"type":"Feature","geometry":{"type":"Point","coordinates":[2.4795800358385867,48.893965864676495]},"properties":{"id":"IDFM:C01729","route_long_name":"E","stop_id":"IDFM:monomodalStopPlace:43096","stop_name":"Bondy","stop_lon":"2.4795800358385867","stop_lat":"48.893965864676495","operatorname":"SNCF","shortname":"E","bookingrules":null,"mode":"RapidTransit","nom_commune":"Bondy","code_insee":"93010"}},{"type":"Feature","geometry":{"type":"Point","coordinates":[2.5833806594500697,48.87411948897062]},"properties":{"id":"IDFM:C01729","route_long_name":"E","stop_id":"IDFM:monomodalStopPlace:58879","stop_name":"Chelles - Gournay","stop_lon":"2.5833806594500697","stop_lat":"48.87411948897062","operatorname":"SNCF","shortname":"E","bookingrules":null,"mode":"RapidTransit","nom_commune":"Chelles","code_insee":"77108"}},{"type":"Feature","geometry":{"type":"Point","coordinates":[2.172366417897185,48.88767250064626]},"properties":{"id":"IDFM:C01742","route_long_name":"A","stop_id":"IDFM:monomodalStopPlace:58875","stop_name":"Rueil-Malmaison","stop_lon":"2.172366417897185","stop_lat":"48.88767250064626","operatorname":"SNCF","shortname":"A","bookingrules":null,"mode":"RapidTransit","nom_commune":"Rueil-Malmaison","code_insee":"92063"}},{"type":"Feature","geometry":{"type":"Point","coordinates":[2.122132232303764,48.89794951079969]},"properties":{"id":"IDFM:C01742","route_long_name":"A","stop_id":"IDFM:monomodalStopPlace:43237","stop_name":"Le V\u00e9sinet - Le Pecq","stop_lon":"2.122132232303764","stop_lat":"48.89794951079969","operatorname":"SNCF","shortname":"A","bookingrules":null,"mode":"RapidTransit","nom_commune":"Le V\u00e9sinet","code_insee":"78650"}},{"type":"Feature","geometry":{"type":"Point","coordinates":[2.504498176690716,48.752267307821874]},"properties":{"id":"IDFM:C01742","route_long_name":"A","stop_id":"IDFM:monomodalStopPlace:43094","stop_name":"Boissy-Saint-L\u00e9ger","stop_lon":"2.504498176690716","stop_lat":"48.752267307821874","operatorname":"SNCF","shortname":"A","bookingrules":null,"mode":"RapidTransit","nom_commune":"Boissy-Saint-L\u00e9ger","code_insee":"94004"}},{"type":"Feature","geometry":{"type":"Point","coordinates":[2.5074994611650823,48.77206393780998]},"properties":{"id":"IDFM:C01742","route_long_name":"A","stop_id":"IDFM:monomodalStopPlace:58792","stop_name":"Sucy - Bonneuil","stop_lon":"2.5074994611650823","stop_lat":"48.77206393780998","operatorname":"SNCF","shortname":"A","bookingrules":null,"mode":"RapidTransit","nom_commune":"Sucy-en-Brie","code_insee":"94071"}},{"type":"Feature","geometry":{"type":"Point","coordinates":[2.471683791180998,48.834306538503405]},"properties":{"id":"IDFM:C01742","route_long_name":"A","stop_id":"IDFM:monomodalStopPlace:47886","stop_name":"Nogent-sur-Marne","stop_lon":"2.471683791180998","stop_lat":"48.834306538503405","operatorname":"SNCF","shortname":"A","bookingrules":null,"mode":"RapidTransit","nom_commune":"Nogent-sur-Marne","code_insee":"94052"}},{"type":"Feature","geometry":{"type":"Point","coordinates":[2.463537806527943,48.8437885964859]},"properties":{"id":"IDFM:C01742","route_long_name":"A","stop_id":"IDFM:monomodalStopPlace:47238","stop_name":"Fontenay-sous-Bois","stop_lon":"2.463537806527943","stop_lat":"48.8437885964859","operatorname":"SNCF","shortname":"A","bookingrules":null,"mode":"RapidTransit","nom_commune":"Fontenay-sous-Bois","code_insee":"94033"}},{"type":"Feature","geometry":{"type":"Point","coordinates":[2.580103342831972,48.84289619599068]},"properties":{"id":"IDFM:C01742","route_long_name":"A","stop_id":"IDFM:monomodalStopPlace:58937","stop_name":"Noisy - Champs","stop_lon":"2.580103342831972","stop_lat":"48.84289619599068","operatorname":"SNCF","shortname":"A","bookingrules":null,"mode":"RapidTransit","nom_commune":"Noisy-le-Grand","code_insee":"93051"}},{"type":"Feature","geometry":{"type":"Point","coordinates":[2.5145898211367705,48.85252451313788]},"properties":{"id":"IDFM:C01742","route_long_name":"A","stop_id":"IDFM:monomodalStopPlace:43172","stop_name":"Neuilly-Plaisance","stop_lon":"2.5145898211367705","stop_lat":"48.85252451313788","operatorname":"SNCF","shortname":"A","bookingrules":null,"mode":"RapidTransit","nom_commune":"Neuilly-Plaisance","code_insee":"93049"}},{"type":"Feature","geometry":{"type":"Point","coordinates":[2.34697651043533,48.86174503191322]},"properties":{"id":"IDFM:C01742","route_long_name":"A","stop_id":"IDFM:monomodalStopPlace:45102","stop_name":"Ch\u00e2telet - Les Halles","stop_lon":"2.34697651043533","stop_lat":"48.86174503191322","operatorname":"SNCF","shortname":"A","bookingrules":null,"mode":"RapidTransit","nom_commune":"Paris","code_insee":"75056"}},{"type":"Feature","geometry":{"type":"Point","coordinates":[2.0797809490013073,49.036306683133965]},"properties":{"id":"IDFM:C01742","route_long_name":"A","stop_id":"IDFM:monomodalStopPlace:44559","stop_name":"Cergy Pr\u00e9fecture","stop_lon":"2.0797809490013073","stop_lat":"49.036306683133965","operatorname":"SNCF","shortname":"A","bookingrules":null,"mode":"RapidTransit","nom_commune":"Cergy","code_insee":"95127"}},{"type":"Feature","geometry":{"type":"Point","coordinates":[2.5352889927291447,48.93640164880271]},"properties":{"id":"IDFM:C01743","route_long_name":"B","stop_id":"IDFM:monomodalStopPlace:43194","stop_name":"Sevran - Livry","stop_lon":"2.5352889927291447","stop_lat":"48.93640164880271","operatorname":"SNCF","shortname":"B","bookingrules":null,"mode":"RapidTransit","nom_commune":"Sevran","code_insee":"93071"}},{"type":"Feature","geometry":{"type":"Point","coordinates":[2.4753884360764298,48.93230698220945]},"properties":{"id":"IDFM:C01743","route_long_name":"B","stop_id":"IDFM:monomodalStopPlace:46163","stop_name":"Le Blanc-Mesnil","stop_lon":"2.4753884360764298","stop_lat":"48.93230698220945","operatorname":"SNCF","shortname":"B","bookingrules":null,"mode":"RapidTransit","nom_commune":"Le Blanc-Mesnil","code_insee":"93007"}},{"type":"Feature","geometry":{"type":"Point","coordinates":[2.34697651043533,48.86174503191322]},"properties":{"id":"IDFM:C01743","route_long_name":"B","stop_id":"IDFM:monomodalStopPlace:45102","stop_name":"Ch\u00e2telet - Les Halles","stop_lon":"2.34697651043533","stop_lat":"48.86174503191322","operatorname":"SNCF","shortname":"B","bookingrules":null,"mode":"RapidTransit","nom_commune":"Paris","code_insee":"75056"}},{"type":"Feature","geometry":{"type":"Point","coordinates":[2.333220634641387,48.83318643678081]},"properties":{"id":"IDFM:C01743","route_long_name":"B","stop_id":"IDFM:monomodalStopPlace:473890","stop_name":"Denfert-Rochereau","stop_lon":"2.333220634641387","stop_lat":"48.83318643678081","operatorname":"SNCF","shortname":"B","bookingrules":null,"mode":"RapidTransit","nom_commune":"Paris","code_insee":"75056"}},{"type":"Feature","geometry":{"type":"Point","coordinates":[2.288108127151424,48.73984612871272]},"properties":{"id":"IDFM:C01743","route_long_name":"B","stop_id":"IDFM:monomodalStopPlace:43228","stop_name":"Les Baconnets","stop_lon":"2.288108127151424","stop_lat":"48.73984612871272","operatorname":"SNCF","shortname":"B","bookingrules":null,"mode":"RapidTransit","nom_commune":"Antony","code_insee":"92002"}},{"type":"Feature","geometry":{"type":"Point","coordinates":[2.212717641845953,48.705912413627026]},"properties":{"id":"IDFM:C01743","route_long_name":"B","stop_id":"IDFM:monomodalStopPlace:474069","stop_name":"Loz\u00e8re","stop_lon":"2.212717641845953","stop_lat":"48.705912413627026","operatorname":"SNCF","shortname":"B","bookingrules":null,"mode":"RapidTransit","nom_commune":"Palaiseau","code_insee":"91477"}},{"type":"Feature","geometry":{"type":"Point","coordinates":[2.1929739951487424,48.705497380193584]},"properties":{"id":"IDFM:C01743","route_long_name":"B","stop_id":"IDFM:monomodalStopPlace:43232","stop_name":"Le Guichet","stop_lon":"2.1929739951487424","stop_lat":"48.705497380193584","operatorname":"SNCF","shortname":"B","bookingrules":null,"mode":"RapidTransit","nom_commune":"Orsay","code_insee":"91471"}},{"type":"Feature","geometry":{"type":"Point","coordinates":[2.13649439862523,48.698175579920274]},"properties":{"id":"IDFM:C01743","route_long_name":"B","stop_id":"IDFM:monomodalStopPlace:47888","stop_name":"Gif-sur-Yvette","stop_lon":"2.13649439862523","stop_lat":"48.698175579920274","operatorname":"SNCF","shortname":"B","bookingrules":null,"mode":"RapidTransit","nom_commune":"Gif-sur-Yvette","code_insee":"91272"}}]}